Segment,Country, Product , Discount Band , Units Sold , Manufacturing Price , Sale Price , Gross Sales , Discounts ,  Sales , COGS , Profit ,Date,Month Number, Month Name ,Year
Government,Canada, Carretera , None ,1618.5,3,20,32370, $-   ,32370,16185,16185,1/1/2014,1, January ,2014
Government,Germany, Carretera , None ,1321,3,20,26420, $-   ,26420,13210,13210,1/1/2014,1, January ,2014
Midmarket,France, Carretera , None ,2178,3,15,32670, $-   ,32670,21780,10890,1/6/2014,6, June ,2014
Midmarket,Germany, Carretera , None ,888,3,15,13320, $-   ,13320,8880,4440,1/6/2014,6, June ,2014
Midmarket,Mexico, Carretera , None ,2470,3,15,37050, $-   ,37050,24700,12350,1/6/2014,6, June ,2014
Government,Germany, Carretera , None ,1513,3,350,"  $5,29,550.00  ", $-   ," $5,29,550.00 "," 3,93,380.00 "," $1,36,170.00 ",1/12/2014,12, December ,2014
Midmarket,Germany, Montana , None ,921,5,15,13815, $-   ,13815,9210,4605,1/3/2014,3, March ,2014
Channel Partners,Canada, Montana , None ,2518,5,12,30216, $-   ,30216,7554,22662,1/6/2014,6, June ,2014
Government,France, Montana , None ,1899,5,20,37980, $-   ,37980,18990,18990,1/6/2014,6, June ,2014
Channel Partners,Germany, Montana , None ,1545,5,12,18540, $-   ,18540,4635,13905,1/6/2014,6, June ,2014
Midmarket,Mexico, Montana , None ,2470,5,15,37050, $-   ,37050,24700,12350,1/6/2014,6, June ,2014
Enterprise,Canada, Montana , None ,2665.5,5,125," $3,33,187.50 ", $-   ," $3,33,187.50 "," $3,19,860.00 ",13327.5,1/7/2014,7, July ,2014
Small Business,Mexico, Montana , None ,958,5,300," $2,87,400.00 ", $-   ," $2,87,400.00 "," $2,39,500.00 ",47900,1/8/2014,8, August ,2014
Government,Germany, Montana , None ,2146,5,7,15022, $-   ,15022,10730,4292,1/9/2014,9, September ,2014
Enterprise,Canada, Montana , None ,345,5,125,43125, $-   ,43125,41400,1725,1/10/2013,10, October ,2013
Midmarket,United States of America, Montana , None ,615,5,15,9225, $-   ,9225,6150,3075,1/12/2014,12, December ,2014
Government,Canada, Paseo , None ,292,10,20,5840, $-   ,5840,2920,2920,1/2/2014,2, February ,2014
Midmarket,Mexico, Paseo , None ,974,10,15,14610, $-   ,14610,9740,4870,1/2/2014,2, February ,2014
Channel Partners,Canada, Paseo , None ,2518,10,12,30216, $-   ,30216,7554,22662,1/6/2014,6, June ,2014
Government,Germany, Paseo , None ,1006,10,350," $3,52,100.00 ", $-   ," $3,52,100.00 "," $2,61,560.00 ",90540,1/6/2014,6, June ,2014
Channel Partners,Germany, Paseo , None ,367,10,12,4404, $-   ,4404,1101,3303,1/7/2014,7, July ,2014
Government,Mexico, Paseo , None ,883,10,7,6181, $-   ,6181,4415,1766,1/8/2014,8, August ,2014
Midmarket,France, Paseo , None ,549,10,15,8235, $-   ,8235,5490,2745,1/9/2013,9, September ,2013
Small Business,Mexico, Paseo , None ,788,10,300," $2,36,400.00 ", $-   ," $2,36,400.00 "," $1,97,000.00 ",39400,1/9/2013,9, September ,2013
Midmarket,Mexico, Paseo , None ,2472,10,15,37080, $-   ,37080,24720,12360,1/9/2014,9, September ,2014
Government,United States of America, Paseo , None ,1143,10,7,8001, $-   ,8001,5715,2286,1/10/2014,10, October ,2014
Government,Canada, Paseo , None ,1725,10,350," $6,03,750.00 ", $-   ," $6,03,750.00 "," $4,48,500.00 "," $1,55,250.00 ",1/11/2013,11, November ,2013
Channel Partners,United States of America, Paseo , None ,912,10,12,10944, $-   ,10944,2736,8208,1/11/2013,11, November ,2013
Midmarket,Canada, Paseo , None ,2152,10,15,32280, $-   ,32280,21520,10760,1/12/2013,12, December ,2013
Government,Canada, Paseo , None ,1817,10,20,36340, $-   ,36340,18170,18170,1/12/2014,12, December ,2014
Government,Germany, Paseo , None ,1513,10,350," $5,29,550.00 ", $-   ," $5,29,550.00 "," $3,93,380.00 "," $1,36,170.00 ",1/12/2014,12, December ,2014
Government,Mexico, Velo , None ,1493,120,7,10451, $-   ,10451,7465,2986,1/1/2014,1, January ,2014
Enterprise,France, Velo , None ,1804,120,125," $2,25,500.00 ", $-   ," $2,25,500.00 "," $2,16,480.00 ",9020,1/2/2014,2, February ,2014
Channel Partners,Germany, Velo , None ,2161,120,12,25932, $-   ,25932,6483,19449,1/3/2014,3, March ,2014
Government,Germany, Velo , None ,1006,120,350," $3,52,100.00 ", $-   ," $3,52,100.00 "," $2,61,560.00 ",90540,1/6/2014,6, June ,2014
Channel Partners,Germany, Velo , None ,1545,120,12,18540, $-   ,18540,4635,13905,1/6/2014,6, June ,2014
Enterprise,United States of America, Velo , None ,2821,120,125," $3,52,625.00 ", $-   ," $3,52,625.00 "," $3,38,520.00 ",14105,1/8/2014,8, August ,2014
Enterprise,Canada, Velo , None ,345,120,125,43125, $-   ,43125,41400,1725,1/10/2013,10, October ,2013
Small Business,Canada, VTT , None ,2001,250,300," $6,00,300.00 ", $-   ," $6,00,300.00 "," $5,00,250.00 "," $1,00,050.00 ",1/2/2014,2, February ,2014
Channel Partners,Germany, VTT , None ,2838,250,12,34056, $-   ,34056,8514,25542,1/4/2014,4, April ,2014
Midmarket,France, VTT , None ,2178,250,15,32670, $-   ,32670,21780,10890,1/6/2014,6, June ,2014
Midmarket,Germany, VTT , None ,888,250,15,13320, $-   ,13320,8880,4440,1/6/2014,6, June ,2014
Government,France, VTT , None ,1527,250,350," $5,34,450.00 ", $-   ," $5,34,450.00 "," $3,97,020.00 "," $1,37,430.00 ",1/9/2013,9, September ,2013
Small Business,France, VTT , None ,2151,250,300," $6,45,300.00 ", $-   ," $6,45,300.00 "," $5,37,750.00 "," $1,07,550.00 ",1/9/2014,9, September ,2014
Government,Canada, VTT , None ,1817,250,20,36340, $-   ,36340,18170,18170,1/12/2014,12, December ,2014
Government,France, Amarilla , None ,2750,260,350," $9,62,500.00 ", $-   ," $9,62,500.00 "," $7,15,000.00 "," $2,47,500.00 ",1/2/2014,2, February ,2014
Channel Partners,United States of America, Amarilla , None ,1953,260,12,23436, $-   ,23436,5859,17577,1/4/2014,4, April ,2014
Enterprise,Germany, Amarilla , None ,4219.5,260,125," $5,27,437.50 ", $-   ," $5,27,437.50 "," $5,06,340.00 ",21097.5,1/4/2014,4, April ,2014
Government,France, Amarilla , None ,1899,260,20,37980, $-   ,37980,18990,18990,1/6/2014,6, June ,2014
Government,Germany, Amarilla , None ,1686,260,7,11802, $-   ,11802,8430,3372,1/7/2014,7, July ,2014
Channel Partners,United States of America, Amarilla , None ,2141,260,12,25692, $-   ,25692,6423,19269,1/8/2014,8, August ,2014
Government,United States of America, Amarilla , None ,1143,260,7,8001, $-   ,8001,5715,2286,1/10/2014,10, October ,2014
Midmarket,United States of America, Amarilla , None ,615,260,15,9225, $-   ,9225,6150,3075,1/12/2014,12, December ,2014
Government,France, Paseo , Low ,3945,10,7,27615,276.15,27338.85,19725,7613.85,1/1/2014,1, January ,2014
Midmarket,France, Paseo , Low ,2296,10,15,34440,344.4,34095.6,22960,11135.6,1/2/2014,2, February ,2014
Government,France, Paseo , Low ,1030,10,7,7210,72.1,7137.9,5150,1987.9,1/5/2014,5, May ,2014
Government,France, Velo , Low ,639,120,7,4473,44.73,4428.27,3195,1233.27,1/11/2014,11, November ,2014
Government,Canada, VTT , Low ,1326,250,7,9282,92.82,9189.18,6630,2559.18,1/3/2014,3, March ,2014
Channel Partners,United States of America, Carretera , Low ,1858,3,12,22296,222.96,22073.04,5574,16499.04,1/2/2014,2, February ,2014
Government,Mexico, Carretera , Low ,1210,3,350," $4,23,500.00 ",4235," $4,19,265.00 "," $3,14,600.00 "," $1,04,665.00 ",1/3/2014,3, March ,2014
Government,United States of America, Carretera , Low ,2529,3,7,17703,177.03,17525.97,12645,4880.97,1/7/2014,7, July ,2014
Channel Partners,Canada, Carretera , Low ,1445,3,12,17340,173.4,17166.6,4335,12831.6,1/9/2014,9, September ,2014
Enterprise,United States of America, Carretera , Low ,330,3,125,41250,412.5,40837.5,39600,1237.5,1/9/2013,9, September ,2013
Channel Partners,France, Carretera , Low ,2671,3,12,32052,320.52,31731.48,8013,23718.48,1/9/2014,9, September ,2014
Channel Partners,Germany, Carretera , Low ,766,3,12,9192,91.92,9100.08,2298,6802.08,1/10/2013,10, October ,2013
Small Business,Mexico, Carretera , Low ,494,3,300," $1,48,200.00 ",1482," $1,46,718.00 "," $1,23,500.00 ",23218,1/10/2013,10, October ,2013
Government,Mexico, Carretera , Low ,1397,3,350," $4,88,950.00 ",4889.5," $4,84,060.50 "," $3,63,220.00 "," $1,20,840.50 ",1/10/2014,10, October ,2014
Government,France, Carretera , Low ,2155,3,350," $7,54,250.00 ",7542.5," $7,46,707.50 "," $5,60,300.00 "," $1,86,407.50 ",1/12/2014,12, December ,2014
Midmarket,Mexico, Montana , Low ,2214,5,15,33210,332.1,32877.9,22140,10737.9,1/3/2014,3, March ,2014
Small Business,United States of America, Montana , Low ,2301,5,300," $6,90,300.00 ",6903," $6,83,397.00 "," $5,75,250.00 "," $1,08,147.00 ",1/4/2014,4, April ,2014
Government,France, Montana , Low ,1375.5,5,20,27510,275.1,27234.9,13755,13479.9,1/7/2014,7, July ,2014
Government,Canada, Montana , Low ,1830,5,7,12810,128.1,12681.9,9150,3531.9,1/8/2014,8, August ,2014
Small Business,United States of America, Montana , Low ,2498,5,300," $7,49,400.00 ",7494," $7,41,906.00 "," $6,24,500.00 "," $1,17,406.00 ",1/9/2013,9, September ,2013
Enterprise,United States of America, Montana , Low ,663,5,125,82875,828.75,82046.25,79560,2486.25,1/10/2013,10, October ,2013
Midmarket,United States of America, Paseo , Low ,1514,10,15,22710,227.1,22482.9,15140,7342.9,1/2/2014,2, February ,2014
Government,United States of America, Paseo , Low ,4492.5,10,7,31447.5,314.48,31133.03,22462.5,8670.53,1/4/2014,4, April ,2014
Enterprise,United States of America, Paseo , Low ,727,10,125,90875,908.75,89966.25,87240,2726.25,1/6/2014,6, June ,2014
Enterprise,France, Paseo , Low ,787,10,125,98375,983.75,97391.25,94440,2951.25,1/6/2014,6, June ,2014
Enterprise,Mexico, Paseo , Low ,1823,10,125," $2,27,875.00 ",2278.75," $2,25,596.25 "," $2,18,760.00 ",6836.25,1/7/2014,7, July ,2014
Midmarket,Germany, Paseo , Low ,747,10,15,11205,112.05,11092.95,7470,3622.95,1/9/2014,9, September ,2014
Channel Partners,Germany, Paseo , Low ,766,10,12,9192,91.92,9100.08,2298,6802.08,1/10/2013,10, October ,2013
Small Business,United States of America, Paseo , Low ,2905,10,300," $8,71,500.00 ",8715," $8,62,785.00 "," $7,26,250.00 "," $1,36,535.00 ",1/11/2014,11, November ,2014
Government,France, Paseo , Low ,2155,10,350," $7,54,250.00 ",7542.5," $7,46,707.50 "," $5,60,300.00 "," $1,86,407.50 ",1/12/2014,12, December ,2014
Government,France, Velo , Low ,3864,120,20,77280,772.8,76507.2,38640,37867.2,1/4/2014,4, April ,2014
Government,Mexico, Velo , Low ,362,120,7,2534,25.34,2508.66,1810,698.66,1/5/2014,5, May ,2014
Enterprise,Canada, Velo , Low ,923,120,125," $1,15,375.00 ",1153.75," $1,14,221.25 "," $1,10,760.00 ",3461.25,1/8/2014,8, August ,2014
Enterprise,United States of America, Velo , Low ,663,120,125,82875,828.75,82046.25,79560,2486.25,1/10/2013,10, October ,2013
Government,Canada, Velo , Low ,2092,120,7,14644,146.44,14497.56,10460,4037.56,1/11/2013,11, November ,2013
Government,Germany, VTT , Low ,263,250,7,1841,18.41,1822.59,1315,507.59,1/3/2014,3, March ,2014
Government,Canada, VTT , Low ,943.5,250,350," $3,30,225.00 ",3302.25," $3,26,922.75 "," $2,45,310.00 ",81612.75,1/4/2014,4, April ,2014
Enterprise,United States of America, VTT , Low ,727,250,125,90875,908.75,89966.25,87240,2726.25,1/6/2014,6, June ,2014
Enterprise,France, VTT , Low ,787,250,125,98375,983.75,97391.25,94440,2951.25,1/6/2014,6, June ,2014
Small Business,Germany, VTT , Low ,986,250,300," $2,95,800.00 ",2958," $2,92,842.00 "," $2,46,500.00 ",46342,1/9/2014,9, September ,2014
Small Business,Mexico, VTT , Low ,494,250,300," $1,48,200.00 ",1482," $1,46,718.00 "," $1,23,500.00 ",23218,1/10/2013,10, October ,2013
Government,Mexico, VTT , Low ,1397,250,350," $4,88,950.00 ",4889.5," $4,84,060.50 "," $3,63,220.00 "," $1,20,840.50 ",1/10/2014,10, October ,2014
Enterprise,France, VTT , Low ,1744,250,125," $2,18,000.00 ",2180," $2,15,820.00 "," $2,09,280.00 ",6540,1/11/2014,11, November ,2014
Channel Partners,United States of America, Amarilla , Low ,1989,260,12,23868,238.68,23629.32,5967,17662.32,1/9/2013,9, September ,2013
Midmarket,France, Amarilla , Low ,321,260,15,4815,48.15,4766.85,3210,1556.85,1/11/2013,11, November ,2013
Enterprise,Canada, Carretera , Low ,742.5,3,125,92812.5,1856.25,90956.25,89100,1856.25,1/4/2014,4, April ,2014
Channel Partners,Canada, Carretera , Low ,1295,3,12,15540,310.8,15229.2,3885,11344.2,1/10/2014,10, October ,2014
Small Business,Germany, Carretera , Low ,214,3,300,64200,1284,62916,53500,9416,1/10/2013,10, October ,2013
Government,France, Carretera , Low ,2145,3,7,15015,300.3,14714.7,10725,3989.7,1/11/2013,11, November ,2013
Government,Canada, Carretera , Low ,2852,3,350," $9,98,200.00 ",19964," $9,78,236.00 "," $7,41,520.00 "," $2,36,716.00 ",1/12/2014,12, December ,2014
Channel Partners,United States of America, Montana , Low ,1142,5,12,13704,274.08,13429.92,3426,10003.92,1/6/2014,6, June ,2014
Government,United States of America, Montana , Low ,1566,5,20,31320,626.4,30693.6,15660,15033.6,1/10/2014,10, October ,2014
Channel Partners,Mexico, Montana , Low ,690,5,12,8280,165.6,8114.4,2070,6044.4,1/11/2014,11, November ,2014
Enterprise,Mexico, Montana , Low ,1660,5,125," $2,07,500.00 ",4150," $2,03,350.00 "," $1,99,200.00 ",4150,1/11/2013,11, November ,2013
Midmarket,Canada, Paseo , Low ,2363,10,15,35445,708.9,34736.1,23630,11106.1,1/2/2014,2, February ,2014
Small Business,France, Paseo , Low ,918,10,300," $2,75,400.00 ",5508," $2,69,892.00 "," $2,29,500.00 ",40392,1/5/2014,5, May ,2014
Small Business,Germany, Paseo , Low ,1728,10,300," $5,18,400.00 ",10368," $5,08,032.00 "," $4,32,000.00 ",76032,1/5/2014,5, May ,2014
Channel Partners,United States of America, Paseo , Low ,1142,10,12,13704,274.08,13429.92,3426,10003.92,1/6/2014,6, June ,2014
Enterprise,Mexico, Paseo , Low ,662,10,125,82750,1655,81095,79440,1655,1/6/2014,6, June ,2014
Channel Partners,Canada, Paseo , Low ,1295,10,12,15540,310.8,15229.2,3885,11344.2,1/10/2014,10, October ,2014
Enterprise,Germany, Paseo , Low ,809,10,125," $1,01,125.00 ",2022.5,99102.5,97080,2022.5,1/10/2013,10, October ,2013
Enterprise,Mexico, Paseo , Low ,2145,10,125," $2,68,125.00 ",5362.5," $2,62,762.50 "," $2,57,400.00 ",5362.5,1/10/2013,10, October ,2013
Channel Partners,France, Paseo , Low ,1785,10,12,21420,428.4,20991.6,5355,15636.6,1/11/2013,11, November ,2013
Small Business,Canada, Paseo , Low ,1916,10,300," $5,74,800.00 ",11496," $5,63,304.00 "," $4,79,000.00 ",84304,1/12/2014,12, December ,2014
Government,Canada, Paseo , Low ,2852,10,350," $9,98,200.00 ",19964," $9,78,236.00 "," $7,41,520.00 "," $2,36,716.00 ",1/12/2014,12, December ,2014
Enterprise,Canada, Paseo , Low ,2729,10,125," $3,41,125.00 ",6822.5," $3,34,302.50 "," $3,27,480.00 ",6822.5,1/12/2014,12, December ,2014
Midmarket,United States of America, Paseo , Low ,1925,10,15,28875,577.5,28297.5,19250,9047.5,1/12/2013,12, December ,2013
Government,United States of America, Paseo , Low ,2013,10,7,14091,281.82,13809.18,10065,3744.18,1/12/2013,12, December ,2013
Channel Partners,France, Paseo , Low ,1055,10,12,12660,253.2,12406.8,3165,9241.8,1/12/2014,12, December ,2014
Channel Partners,Mexico, Paseo , Low ,1084,10,12,13008,260.16,12747.84,3252,9495.84,1/12/2014,12, December ,2014
Government,United States of America, Velo , Low ,1566,120,20,31320,626.4,30693.6,15660,15033.6,1/10/2014,10, October ,2014
Government,Germany, Velo , Low ,2966,120,350," $10,38,100.00 ",20762," $10,17,338.00 "," $7,71,160.00 "," $2,46,178.00 ",1/10/2013,10, October ,2013
Government,Germany, Velo , Low ,2877,120,350," $10,06,950.00 ",20139," $9,86,811.00 "," $7,48,020.00 "," $2,38,791.00 ",1/10/2014,10, October ,2014
Enterprise,Germany, Velo , Low ,809,120,125," $1,01,125.00 ",2022.5,99102.5,97080,2022.5,1/10/2013,10, October ,2013
Enterprise,Mexico, Velo , Low ,2145,120,125," $2,68,125.00 ",5362.5," $2,62,762.50 "," $2,57,400.00 ",5362.5,1/10/2013,10, October ,2013
Channel Partners,France, Velo , Low ,1055,120,12,12660,253.2,12406.8,3165,9241.8,1/12/2014,12, December ,2014
Government,Mexico, Velo , Low ,544,120,20,10880,217.6,10662.4,5440,5222.4,1/12/2013,12, December ,2013
Channel Partners,Mexico, Velo , Low ,1084,120,12,13008,260.16,12747.84,3252,9495.84,1/12/2014,12, December ,2014
Enterprise,Mexico, VTT , Low ,662,250,125,82750,1655,81095,79440,1655,1/6/2014,6, June ,2014
Small Business,Germany, VTT , Low ,214,250,300,64200,1284,62916,53500,9416,1/10/2013,10, October ,2013
Government,Germany, VTT , Low ,2877,250,350," $10,06,950.00 ",20139," $9,86,811.00 "," $7,48,020.00 "," $2,38,791.00 ",1/10/2014,10, October ,2014
Enterprise,Canada, VTT , Low ,2729,250,125," $3,41,125.00 ",6822.5," $3,34,302.50 "," $3,27,480.00 ",6822.5,1/12/2014,12, December ,2014
Government,United States of America, VTT , Low ,266,250,350,93100,1862,91238,69160,22078,1/12/2013,12, December ,2013
Government,Mexico, VTT , Low ,1940,250,350," $6,79,000.00 ",13580," $6,65,420.00 "," $5,04,400.00 "," $1,61,020.00 ",1/12/2013,12, December ,2013
Small Business,Germany, Amarilla , Low ,259,260,300,77700,1554,76146,64750,11396,1/3/2014,3, March ,2014
Small Business,Mexico, Amarilla , Low ,1101,260,300," $3,30,300.00 ",6606," $3,23,694.00 "," $2,75,250.00 ",48444,1/3/2014,3, March ,2014
Enterprise,Germany, Amarilla , Low ,2276,260,125," $2,84,500.00 ",5690," $2,78,810.00 "," $2,73,120.00 ",5690,1/5/2014,5, May ,2014
Government,Germany, Amarilla , Low ,2966,260,350," $10,38,100.00 ",20762," $10,17,338.00 "," $7,71,160.00 "," $2,46,178.00 ",1/10/2013,10, October ,2013
Government,United States of America, Amarilla , Low ,1236,260,20,24720,494.4,24225.6,12360,11865.6,1/11/2014,11, November ,2014
Government,France, Amarilla , Low ,941,260,20,18820,376.4,18443.6,9410,9033.6,1/11/2014,11, November ,2014
Small Business,Canada, Amarilla , Low ,1916,260,300," $5,74,800.00 ",11496," $5,63,304.00 "," $4,79,000.00 ",84304,1/12/2014,12, December ,2014
Enterprise,France, Carretera , Low ,4243.5,3,125," $5,30,437.50 ",15913.13," $5,14,524.38 "," $5,09,220.00 ",5304.38,1/4/2014,4, April ,2014
Government,Germany, Carretera , Low ,2580,3,20,51600,1548,50052,25800,24252,1/4/2014,4, April ,2014
Small Business,Germany, Carretera , Low ,689,3,300," $2,06,700.00 ",6201," $2,00,499.00 "," $1,72,250.00 ",28249,1/6/2014,6, June ,2014
Channel Partners,United States of America, Carretera , Low ,1947,3,12,23364,700.92,22663.08,5841,16822.08,1/9/2014,9, September ,2014
Channel Partners,Canada, Carretera , Low ,908,3,12,10896,326.88,10569.12,2724,7845.12,1/12/2013,12, December ,2013
Government,Germany, Montana , Low ,1958,5,7,13706,411.18,13294.82,9790,3504.82,1/2/2014,2, February ,2014
Channel Partners,France, Montana , Low ,1901,5,12,22812,684.36,22127.64,5703,16424.64,1/6/2014,6, June ,2014
Government,France, Montana , Low ,544,5,7,3808,114.24,3693.76,2720,973.76,1/9/2014,9, September ,2014
Government,Germany, Montana , Low ,1797,5,350," $6,28,950.00 ",18868.5," $6,10,081.50 "," $4,67,220.00 "," $1,42,861.50 ",1/9/2013,9, September ,2013
Enterprise,France, Montana , Low ,1287,5,125," $1,60,875.00 ",4826.25," $1,56,048.75 "," $1,54,440.00 ",1608.75,1/12/2014,12, December ,2014
Enterprise,Germany, Montana , Low ,1706,5,125," $2,13,250.00 ",6397.5," $2,06,852.50 "," $2,04,720.00 ",2132.5,1/12/2014,12, December ,2014
Small Business,France, Paseo , Low ,2434.5,10,300," $7,30,350.00 ",21910.5," $7,08,439.50 "," $6,08,625.00 ",99814.5,1/1/2014,1, January ,2014
Enterprise,Canada, Paseo , Low ,1774,10,125," $2,21,750.00 ",6652.5," $2,15,097.50 "," $2,12,880.00 ",2217.5,1/3/2014,3, March ,2014
Channel Partners,France, Paseo , Low ,1901,10,12,22812,684.36,22127.64,5703,16424.64,1/6/2014,6, June ,2014
Small Business,Germany, Paseo , Low ,689,10,300," $2,06,700.00 ",6201," $2,00,499.00 "," $1,72,250.00 ",28249,1/6/2014,6, June ,2014
Enterprise,Germany, Paseo , Low ,1570,10,125," $1,96,250.00 ",5887.5," $1,90,362.50 "," $1,88,400.00 ",1962.5,1/6/2014,6, June ,2014
Channel Partners,United States of America, Paseo , Low ,1369.5,10,12,16434,493.02,15940.98,4108.5,11832.48,1/7/2014,7, July ,2014
Enterprise,Canada, Paseo , Low ,2009,10,125," $2,51,125.00 ",7533.75," $2,43,591.25 "," $2,41,080.00 ",2511.25,1/10/2014,10, October ,2014
Midmarket,Germany, Paseo , Low ,1945,10,15,29175,875.25,28299.75,19450,8849.75,1/10/2013,10, October ,2013
Enterprise,France, Paseo , Low ,1287,10,125," $1,60,875.00 ",4826.25," $1,56,048.75 "," $1,54,440.00 ",1608.75,1/12/2014,12, December ,2014
Enterprise,Germany, Paseo , Low ,1706,10,125," $2,13,250.00 ",6397.5," $2,06,852.50 "," $2,04,720.00 ",2132.5,1/12/2014,12, December ,2014
Enterprise,Canada, Velo , Low ,2009,120,125," $2,51,125.00 ",7533.75," $2,43,591.25 "," $2,41,080.00 ",2511.25,1/10/2014,10, October ,2014
Small Business,United States of America, VTT , Low ,2844,250,300," $8,53,200.00 ",25596," $8,27,604.00 "," $7,11,000.00 "," $1,16,604.00 ",1/2/2014,2, February ,2014
Channel Partners,Mexico, VTT , Low ,1916,250,12,22992,689.76,22302.24,5748,16554.24,1/4/2014,4, April ,2014
Enterprise,Germany, VTT , Low ,1570,250,125," $1,96,250.00 ",5887.5," $1,90,362.50 "," $1,88,400.00 ",1962.5,1/6/2014,6, June ,2014
Small Business,Canada, VTT , Low ,1874,250,300," $5,62,200.00 ",16866," $5,45,334.00 "," $4,68,500.00 ",76834,1/8/2014,8, August ,2014
Government,Mexico, VTT , Low ,1642,250,350," $5,74,700.00 ",17241," $5,57,459.00 "," $4,26,920.00 "," $1,30,539.00 ",1/8/2014,8, August ,2014
Midmarket,Germany, VTT , Low ,1945,250,15,29175,875.25,28299.75,19450,8849.75,1/10/2013,10, October ,2013
Government,Canada, Carretera , Low ,831,3,20,16620,498.6,16121.4,8310,7811.4,1/5/2014,5, May ,2014
Government,Mexico, Paseo , Low ,1760,10,7,12320,369.6,11950.4,8800,3150.4,1/9/2013,9, September ,2013
Government,Canada, Velo , Low ,3850.5,120,20,77010,2310.3,74699.7,38505,36194.7,1/4/2014,4, April ,2014
Channel Partners,Germany, VTT , Low ,2479,250,12,29748,892.44,28855.56,7437,21418.56,1/1/2014,1, January ,2014
Midmarket,Mexico, Montana , Low ,2031,5,15,30465,1218.6,29246.4,20310,8936.4,1/10/2014,10, October ,2014
Midmarket,Mexico, Paseo , Low ,2031,10,15,30465,1218.6,29246.4,20310,8936.4,1/10/2014,10, October ,2014
Midmarket,France, Paseo , Low ,2261,10,15,33915,1356.6,32558.4,22610,9948.4,1/12/2013,12, December ,2013
Government,United States of America, Velo , Low ,736,120,20,14720,588.8,14131.2,7360,6771.2,1/9/2013,9, September ,2013
Government,Canada, Carretera , Low ,2851,3,7,19957,798.28,19158.72,14255,4903.72,1/10/2013,10, October ,2013
Small Business,Germany, Carretera , Low ,2021,3,300," $6,06,300.00 ",24252," $5,82,048.00 "," $5,05,250.00 ",76798,1/10/2014,10, October ,2014
Government,United States of America, Carretera , Low ,274,3,350,95900,3836,92064,71240,20824,1/12/2014,12, December ,2014
Midmarket,Canada, Montana , Low ,1967,5,15,29505,1180.2,28324.8,19670,8654.8,1/3/2014,3, March ,2014
Small Business,Germany, Montana , Low ,1859,5,300," $5,57,700.00 ",22308," $5,35,392.00 "," $4,64,750.00 ",70642,1/8/2014,8, August ,2014
Government,Canada, Montana , Low ,2851,5,7,19957,798.28,19158.72,14255,4903.72,1/10/2013,10, October ,2013
Small Business,Germany, Montana , Low ,2021,5,300," $6,06,300.00 ",24252," $5,82,048.00 "," $5,05,250.00 ",76798,1/10/2014,10, October ,2014
Enterprise,Mexico, Montana , Low ,1138,5,125," $1,42,250.00 ",5690," $1,36,560.00 "," $1,36,560.00 ", $-   ,1/12/2014,12, December ,2014
Government,Canada, Paseo , Low ,4251,10,7,29757,1190.28,28566.72,21255,7311.72,1/1/2014,1, January ,2014
Enterprise,Germany, Paseo , Low ,795,10,125,99375,3975,95400,95400, $-   ,1/3/2014,3, March ,2014
Small Business,Germany, Paseo , Low ,1414.5,10,300," $4,24,350.00 ",16974," $4,07,376.00 "," $3,53,625.00 ",53751,1/4/2014,4, April ,2014
Small Business,United States of America, Paseo , Low ,2918,10,300," $8,75,400.00 ",35016," $8,40,384.00 "," $7,29,500.00 "," $1,10,884.00 ",1/5/2014,5, May ,2014
Government,United States of America, Paseo , Low ,3450,10,350," $12,07,500.00 ",48300," $11,59,200.00 "," $8,97,000.00 "," $2,62,200.00 ",1/7/2014,7, July ,2014
Enterprise,France, Paseo , Low ,2988,10,125," $3,73,500.00 ",14940," $3,58,560.00 "," $3,58,560.00 ", $-   ,1/7/2014,7, July ,2014
Midmarket,Canada, Paseo , Low ,218,10,15,3270,130.8,3139.2,2180,959.2,1/9/2014,9, September ,2014
Government,Canada, Paseo , Low ,2074,10,20,41480,1659.2,39820.8,20740,19080.8,1/9/2014,9, September ,2014
Government,United States of America, Paseo , Low ,1056,10,20,21120,844.8,20275.2,10560,9715.2,1/9/2014,9, September ,2014
Midmarket,United States of America, Paseo , Low ,671,10,15,10065,402.6,9662.4,6710,2952.4,1/10/2013,10, October ,2013
Midmarket,Mexico, Paseo , Low ,1514,10,15,22710,908.4,21801.6,15140,6661.6,1/10/2013,10, October ,2013
Government,United States of America, Paseo , Low ,274,10,350,95900,3836,92064,71240,20824,1/12/2014,12, December ,2014
Enterprise,Mexico, Paseo , Low ,1138,10,125," $1,42,250.00 ",5690," $1,36,560.00 "," $1,36,560.00 ", $-   ,1/12/2014,12, December ,2014
Channel Partners,United States of America, Velo , Low ,1465,120,12,17580,703.2,16876.8,4395,12481.8,1/3/2014,3, March ,2014
Government,Canada, Velo , Low ,2646,120,20,52920,2116.8,50803.2,26460,24343.2,1/9/2013,9, September ,2013
Government,France, Velo , Low ,2177,120,350," $7,61,950.00 ",30478," $7,31,472.00 "," $5,66,020.00 "," $1,65,452.00 ",1/10/2014,10, October ,2014
Channel Partners,France, VTT , Low ,866,250,12,10392,415.68,9976.32,2598,7378.32,1/5/2014,5, May ,2014
Government,United States of America, VTT , Low ,349,250,350," $1,22,150.00 ",4886," $1,17,264.00 ",90740,26524,1/9/2013,9, September ,2013
Government,France, VTT , Low ,2177,250,350," $7,61,950.00 ",30478," $7,31,472.00 "," $5,66,020.00 "," $1,65,452.00 ",1/10/2014,10, October ,2014
Midmarket,Mexico, VTT , Low ,1514,250,15,22710,908.4,21801.6,15140,6661.6,1/10/2013,10, October ,2013
Government,Mexico, Amarilla , Low ,1865,260,350," $6,52,750.00 ",26110," $6,26,640.00 "," $4,84,900.00 "," $1,41,740.00 ",1/2/2014,2, February ,2014
Enterprise,Mexico, Amarilla , Low ,1074,260,125," $1,34,250.00 ",5370," $1,28,880.00 "," $1,28,880.00 ", $-   ,1/4/2014,4, April ,2014
Government,Germany, Amarilla , Low ,1907,260,350," $6,67,450.00 ",26698," $6,40,752.00 "," $4,95,820.00 "," $1,44,932.00 ",1/9/2014,9, September ,2014
Midmarket,United States of America, Amarilla , Low ,671,260,15,10065,402.6,9662.4,6710,2952.4,1/10/2013,10, October ,2013
Government,Canada, Amarilla , Low ,1778,260,350," $6,22,300.00 ",24892," $5,97,408.00 "," $4,62,280.00 "," $1,35,128.00 ",1/12/2013,12, December ,2013
Government,Germany, Montana , Medium ,1159,5,7,8113,405.65,7707.35,5795,1912.35,1/10/2013,10, October ,2013
Government,Germany, Paseo , Medium ,1372,10,7,9604,480.2,9123.8,6860,2263.8,1/1/2014,1, January ,2014
Government,Canada, Paseo , Medium ,2349,10,7,16443,822.15,15620.85,11745,3875.85,1/9/2013,9, September ,2013
Government,Mexico, Paseo , Medium ,2689,10,7,18823,941.15,17881.85,13445,4436.85,1/10/2014,10, October ,2014
Channel Partners,Canada, Paseo , Medium ,2431,10,12,29172,1458.6,27713.4,7293,20420.4,1/12/2014,12, December ,2014
Channel Partners,Canada, Velo , Medium ,2431,120,12,29172,1458.6,27713.4,7293,20420.4,1/12/2014,12, December ,2014
Government,Mexico, VTT , Medium ,2689,250,7,18823,941.15,17881.85,13445,4436.85,1/10/2014,10, October ,2014
Government,Mexico, Amarilla , Medium ,1683,260,7,11781,589.05,11191.95,8415,2776.95,1/7/2014,7, July ,2014
Channel Partners,Mexico, Amarilla , Medium ,1123,260,12,13476,673.8,12802.2,3369,9433.2,1/8/2014,8, August ,2014
Government,Germany, Amarilla , Medium ,1159,260,7,8113,405.65,7707.35,5795,1912.35,1/10/2013,10, October ,2013
Channel Partners,France, Carretera , Medium ,1865,3,12,22380,1119,21261,5595,15666,1/2/2014,2, February ,2014
Channel Partners,Germany, Carretera , Medium ,1116,3,12,13392,669.6,12722.4,3348,9374.4,1/2/2014,2, February ,2014
Government,France, Carretera , Medium ,1563,3,20,31260,1563,29697,15630,14067,1/5/2014,5, May ,2014
Small Business,United States of America, Carretera , Medium ,991,3,300," $2,97,300.00 ",14865," $2,82,435.00 "," $2,47,750.00 ",34685,1/6/2014,6, June ,2014
Government,Germany, Carretera , Medium ,1016,3,7,7112,355.6,6756.4,5080,1676.4,1/11/2013,11, November ,2013
Midmarket,Mexico, Carretera , Medium ,2791,3,15,41865,2093.25,39771.75,27910,11861.75,1/11/2014,11, November ,2014
Government,United States of America, Carretera , Medium ,570,3,7,3990,199.5,3790.5,2850,940.5,1/12/2014,12, December ,2014
Government,France, Carretera , Medium ,2487,3,7,17409,870.45,16538.55,12435,4103.55,1/12/2014,12, December ,2014
Government,France, Montana , Medium ,1384.5,5,350," $4,84,575.00 ",24228.75," $4,60,346.25 "," $3,59,970.00 "," $1,00,376.25 ",1/1/2014,1, January ,2014
Enterprise,United States of America, Montana , Medium ,3627,5,125," $4,53,375.00 ",22668.75," $4,30,706.25 "," $4,35,240.00 ",-4533.75,1/7/2014,7, July ,2014
Government,Mexico, Montana , Medium ,720,5,350," $2,52,000.00 ",12600," $2,39,400.00 "," $1,87,200.00 ",52200,1/9/2013,9, September ,2013
Channel Partners,Germany, Montana , Medium ,2342,5,12,28104,1405.2,26698.8,7026,19672.8,1/11/2014,11, November ,2014
Small Business,Mexico, Montana , Medium ,1100,5,300," $3,30,000.00 ",16500," $3,13,500.00 "," $2,75,000.00 ",38500,1/12/2013,12, December ,2013
Government,France, Paseo , Medium ,1303,10,20,26060,1303,24757,13030,11727,1/2/2014,2, February ,2014
Enterprise,United States of America, Paseo , Medium ,2992,10,125," $3,74,000.00 ",18700," $3,55,300.00 "," $3,59,040.00 ",-3740,1/3/2014,3, March ,2014
Enterprise,France, Paseo , Medium ,2385,10,125," $2,98,125.00 ",14906.25," $2,83,218.75 "," $2,86,200.00 ",-2981.25,1/3/2014,3, March ,2014
Small Business,Mexico, Paseo , Medium ,1607,10,300," $4,82,100.00 ",24105," $4,57,995.00 "," $4,01,750.00 ",56245,1/4/2014,4, April ,2014
Government,United States of America, Paseo , Medium ,2327,10,7,16289,814.45,15474.55,11635,3839.55,1/5/2014,5, May ,2014
Small Business,United States of America, Paseo , Medium ,991,10,300," $2,97,300.00 ",14865," $2,82,435.00 "," $2,47,750.00 ",34685,1/6/2014,6, June ,2014
Government,United States of America, Paseo , Medium ,602,10,350," $2,10,700.00 ",10535," $2,00,165.00 "," $1,56,520.00 ",43645,1/6/2014,6, June ,2014
Midmarket,France, Paseo , Medium ,2620,10,15,39300,1965,37335,26200,11135,1/9/2014,9, September ,2014
Government,Canada, Paseo , Medium ,1228,10,350," $4,29,800.00 ",21490," $4,08,310.00 "," $3,19,280.00 ",89030,1/10/2013,10, October ,2013
Government,Canada, Paseo , Medium ,1389,10,20,27780,1389,26391,13890,12501,1/10/2013,10, October ,2013
Enterprise,United States of America, Paseo , Medium ,861,10,125," $1,07,625.00 ",5381.25," $1,02,243.75 "," $1,03,320.00 ",-1076.25,1/10/2014,10, October ,2014
Enterprise,France, Paseo , Medium ,704,10,125,88000,4400,83600,84480,-880,1/10/2013,10, October ,2013
Government,Canada, Paseo , Medium ,1802,10,20,36040,1802,34238,18020,16218,1/12/2013,12, December ,2013
Government,United States of America, Paseo , Medium ,2663,10,20,53260,2663,50597,26630,23967,1/12/2014,12, December ,2014
Government,France, Paseo , Medium ,2136,10,7,14952,747.6,14204.4,10680,3524.4,1/12/2013,12, December ,2013
Midmarket,Germany, Paseo , Medium ,2116,10,15,31740,1587,30153,21160,8993,1/12/2013,12, December ,2013
Midmarket,United States of America, Velo , Medium ,555,120,15,8325,416.25,7908.75,5550,2358.75,1/1/2014,1, January ,2014
Midmarket,Mexico, Velo , Medium ,2861,120,15,42915,2145.75,40769.25,28610,12159.25,1/1/2014,1, January ,2014
Enterprise,Germany, Velo , Medium ,807,120,125," $1,00,875.00 ",5043.75,95831.25,96840,-1008.75,1/2/2014,2, February ,2014
Government,United States of America, Velo , Medium ,602,120,350," $2,10,700.00 ",10535," $2,00,165.00 "," $1,56,520.00 ",43645,1/6/2014,6, June ,2014
Government,United States of America, Velo , Medium ,2832,120,20,56640,2832,53808,28320,25488,1/8/2014,8, August ,2014
Government,France, Velo , Medium ,1579,120,20,31580,1579,30001,15790,14211,1/8/2014,8, August ,2014
Enterprise,United States of America, Velo , Medium ,861,120,125," $1,07,625.00 ",5381.25," $1,02,243.75 "," $1,03,320.00 ",-1076.25,1/10/2014,10, October ,2014
Enterprise,France, Velo , Medium ,704,120,125,88000,4400,83600,84480,-880,1/10/2013,10, October ,2013
Government,France, Velo , Medium ,1033,120,20,20660,1033,19627,10330,9297,1/12/2013,12, December ,2013
Small Business,Germany, Velo , Medium ,1250,120,300," $3,75,000.00 ",18750," $3,56,250.00 "," $3,12,500.00 ",43750,1/12/2014,12, December ,2014
Government,Canada, VTT , Medium ,1389,250,20,27780,1389,26391,13890,12501,1/10/2013,10, October ,2013
Government,United States of America, VTT , Medium ,1265,250,20,25300,1265,24035,12650,11385,1/11/2013,11, November ,2013
Government,Germany, VTT , Medium ,2297,250,20,45940,2297,43643,22970,20673,1/11/2013,11, November ,2013
Government,United States of America, VTT , Medium ,2663,250,20,53260,2663,50597,26630,23967,1/12/2014,12, December ,2014
Government,United States of America, VTT , Medium ,570,250,7,3990,199.5,3790.5,2850,940.5,1/12/2014,12, December ,2014
Government,France, VTT , Medium ,2487,250,7,17409,870.45,16538.55,12435,4103.55,1/12/2014,12, December ,2014
Government,Germany, Amarilla , Medium ,1350,260,350," $4,72,500.00 ",23625," $4,48,875.00 "," $3,51,000.00 ",97875,1/2/2014,2, February ,2014
Government,Canada, Amarilla , Medium ,552,260,350," $1,93,200.00 ",9660," $1,83,540.00 "," $1,43,520.00 ",40020,1/8/2014,8, August ,2014
Government,Canada, Amarilla , Medium ,1228,260,350," $4,29,800.00 ",21490," $4,08,310.00 "," $3,19,280.00 ",89030,1/10/2013,10, October ,2013
Small Business,Germany, Amarilla , Medium ,1250,260,300," $3,75,000.00 ",18750," $3,56,250.00 "," $3,12,500.00 ",43750,1/12/2014,12, December ,2014
Midmarket,France, Paseo , Medium ,3801,10,15,57015,3420.9,53594.1,38010,15584.1,1/4/2014,4, April ,2014
Government,United States of America, Carretera , Medium ,1117.5,3,20,22350,1341,21009,11175,9834,1/1/2014,1, January ,2014
Midmarket,Canada, Carretera , Medium ,2844,3,15,42660,2559.6,40100.4,28440,11660.4,1/6/2014,6, June ,2014
Channel Partners,Mexico, Carretera , Medium ,562,3,12,6744,404.64,6339.36,1686,4653.36,1/9/2014,9, September ,2014
Channel Partners,Canada, Carretera , Medium ,2299,3,12,27588,1655.28,25932.72,6897,19035.72,1/10/2013,10, October ,2013
Midmarket,United States of America, Carretera , Medium ,2030,3,15,30450,1827,28623,20300,8323,1/11/2014,11, November ,2014
Government,United States of America, Carretera , Medium ,263,3,7,1841,110.46,1730.54,1315,415.54,1/11/2013,11, November ,2013
Enterprise,Germany, Carretera , Medium ,887,3,125," $1,10,875.00 ",6652.5," $1,04,222.50 "," $1,06,440.00 ",-2217.5,1/12/2013,12, December ,2013
Government,Mexico, Montana , Medium ,980,5,350," $3,43,000.00 ",20580," $3,22,420.00 "," $2,54,800.00 ",67620,1/4/2014,4, April ,2014
Government,Germany, Montana , Medium ,1460,5,350," $5,11,000.00 ",30660," $4,80,340.00 "," $3,79,600.00 "," $1,00,740.00 ",1/5/2014,5, May ,2014
Government,France, Montana , Medium ,1403,5,7,9821,589.26,9231.74,7015,2216.74,1/10/2013,10, October ,2013
Channel Partners,United States of America, Montana , Medium ,2723,5,12,32676,1960.56,30715.44,8169,22546.44,1/11/2014,11, November ,2014
Government,France, Paseo , Medium ,1496,10,350," $5,23,600.00 ",31416," $4,92,184.00 "," $3,88,960.00 "," $1,03,224.00 ",1/6/2014,6, June ,2014
Channel Partners,Canada, Paseo , Medium ,2299,10,12,27588,1655.28,25932.72,6897,19035.72,1/10/2013,10, October ,2013
Government,United States of America, Paseo , Medium ,727,10,350," $2,54,450.00 ",15267," $2,39,183.00 "," $1,89,020.00 ",50163,1/10/2013,10, October ,2013
Enterprise,Canada, Velo , Medium ,952,120,125," $1,19,000.00 ",7140," $1,11,860.00 "," $1,14,240.00 ",-2380,1/2/2014,2, February ,2014
Enterprise,United States of America, Velo , Medium ,2755,120,125," $3,44,375.00 ",20662.5," $3,23,712.50 "," $3,30,600.00 ",-6887.5,1/2/2014,2, February ,2014
Midmarket,Germany, Velo , Medium ,1530,120,15,22950,1377,21573,15300,6273,1/5/2014,5, May ,2014
Government,France, Velo , Medium ,1496,120,350," $5,23,600.00 ",31416," $4,92,184.00 "," $3,88,960.00 "," $1,03,224.00 ",1/6/2014,6, June ,2014
Government,Mexico, Velo , Medium ,1498,120,7,10486,629.16,9856.84,7490,2366.84,1/6/2014,6, June ,2014
Small Business,France, Velo , Medium ,1221,120,300," $3,66,300.00 ",21978," $3,44,322.00 "," $3,05,250.00 ",39072,1/10/2013,10, October ,2013
Government,France, Velo , Medium ,2076,120,350," $7,26,600.00 ",43596," $6,83,004.00 "," $5,39,760.00 "," $1,43,244.00 ",1/10/2013,10, October ,2013
Midmarket,Canada, VTT , Medium ,2844,250,15,42660,2559.6,40100.4,28440,11660.4,1/6/2014,6, June ,2014
Government,Mexico, VTT , Medium ,1498,250,7,10486,629.16,9856.84,7490,2366.84,1/6/2014,6, June ,2014
Small Business,France, VTT , Medium ,1221,250,300," $3,66,300.00 ",21978," $3,44,322.00 "," $3,05,250.00 ",39072,1/10/2013,10, October ,2013
Government,Mexico, VTT , Medium ,1123,250,20,22460,1347.6,21112.4,11230,9882.4,1/11/2013,11, November ,2013
Small Business,Canada, VTT , Medium ,2436,250,300," $7,30,800.00 ",43848," $6,86,952.00 "," $6,09,000.00 ",77952,1/12/2013,12, December ,2013
Enterprise,France, Amarilla , Medium ,1987.5,260,125," $2,48,437.50 ",14906.25," $2,33,531.25 "," $2,38,500.00 ",-4968.75,1/1/2014,1, January ,2014
Government,Mexico, Amarilla , Medium ,1679,260,350," $5,87,650.00 ",35259," $5,52,391.00 "," $4,36,540.00 "," $1,15,851.00 ",1/9/2014,9, September ,2014
Government,United States of America, Amarilla , Medium ,727,260,350," $2,54,450.00 ",15267," $2,39,183.00 "," $1,89,020.00 ",50163,1/10/2013,10, October ,2013
Government,France, Amarilla , Medium ,1403,260,7,9821,589.26,9231.74,7015,2216.74,1/10/2013,10, October ,2013
Government,France, Amarilla , Medium ,2076,260,350," $7,26,600.00 ",43596," $6,83,004.00 "," $5,39,760.00 "," $1,43,244.00 ",1/10/2013,10, October ,2013
Government,France, Montana , Medium ,1757,5,20,35140,2108.4,33031.6,17570,15461.6,1/10/2013,10, October ,2013
Midmarket,United States of America, Paseo , Medium ,2198,10,15,32970,1978.2,30991.8,21980,9011.8,1/8/2014,8, August ,2014
Midmarket,Germany, Paseo , Medium ,1743,10,15,26145,1568.7,24576.3,17430,7146.3,1/8/2014,8, August ,2014
Midmarket,United States of America, Paseo , Medium ,1153,10,15,17295,1037.7,16257.3,11530,4727.3,1/10/2014,10, October ,2014
Government,France, Paseo , Medium ,1757,10,20,35140,2108.4,33031.6,17570,15461.6,1/10/2013,10, October ,2013
Government,Germany, Velo , Medium ,1001,120,20,20020,1201.2,18818.8,10010,8808.8,1/8/2014,8, August ,2014
Government,Mexico, Velo , Medium ,1333,120,7,9331,559.86,8771.14,6665,2106.14,1/11/2014,11, November ,2014
Midmarket,United States of America, VTT , Medium ,1153,250,15,17295,1037.7,16257.3,11530,4727.3,1/10/2014,10, October ,2014
Channel Partners,Mexico, Carretera , Medium ,727,3,12,8724,610.68,8113.32,2181,5932.32,1/2/2014,2, February ,2014
Channel Partners,Canada, Carretera , Medium ,1884,3,12,22608,1582.56,21025.44,5652,15373.44,1/8/2014,8, August ,2014
Government,Mexico, Carretera , Medium ,1834,3,20,36680,2567.6,34112.4,18340,15772.4,1/9/2013,9, September ,2013
Channel Partners,Mexico, Montana , Medium ,2340,5,12,28080,1965.6,26114.4,7020,19094.4,1/1/2014,1, January ,2014
Channel Partners,France, Montana , Medium ,2342,5,12,28104,1967.28,26136.72,7026,19110.72,1/11/2014,11, November ,2014
Government,France, Paseo , Medium ,1031,10,7,7217,505.19,6711.81,5155,1556.81,1/9/2013,9, September ,2013
Midmarket,Canada, Velo , Medium ,1262,120,15,18930,1325.1,17604.9,12620,4984.9,1/5/2014,5, May ,2014
Government,Canada, Velo , Medium ,1135,120,7,7945,556.15,7388.85,5675,1713.85,1/6/2014,6, June ,2014
Government,United States of America, Velo , Medium ,547,120,7,3829,268.03,3560.97,2735,825.97,1/11/2014,11, November ,2014
Government,Canada, Velo , Medium ,1582,120,7,11074,775.18,10298.82,7910,2388.82,1/12/2014,12, December ,2014
Channel Partners,France, VTT , Medium ,1738.5,250,12,20862,1460.34,19401.66,5215.5,14186.16,1/4/2014,4, April ,2014
Channel Partners,Germany, VTT , Medium ,2215,250,12,26580,1860.6,24719.4,6645,18074.4,1/9/2013,9, September ,2013
Government,Canada, VTT , Medium ,1582,250,7,11074,775.18,10298.82,7910,2388.82,1/12/2014,12, December ,2014
Government,Canada, Amarilla , Medium ,1135,260,7,7945,556.15,7388.85,5675,1713.85,1/6/2014,6, June ,2014
Government,United States of America, Carretera , Medium ,1761,3,350," $6,16,350.00 ",43144.5," $5,73,205.50 "," $4,57,860.00 "," $1,15,345.50 ",1/3/2014,3, March ,2014
Small Business,France, Carretera , Medium ,448,3,300," $1,34,400.00 ",9408," $1,24,992.00 "," $1,12,000.00 ",12992,1/6/2014,6, June ,2014
Small Business,France, Carretera , Medium ,2181,3,300," $6,54,300.00 ",45801," $6,08,499.00 "," $5,45,250.00 ",63249,1/10/2014,10, October ,2014
Government,France, Montana , Medium ,1976,5,20,39520,2766.4,36753.6,19760,16993.6,1/10/2014,10, October ,2014
Small Business,France, Montana , Medium ,2181,5,300," $6,54,300.00 ",45801," $6,08,499.00 "," $5,45,250.00 ",63249,1/10/2014,10, October ,2014
Enterprise,Germany, Montana , Medium ,2500,5,125," $3,12,500.00 ",21875," $2,90,625.00 "," $3,00,000.00 ",-9375,1/11/2013,11, November ,2013
Small Business,Canada, Paseo , Medium ,1702,10,300," $5,10,600.00 ",35742," $4,74,858.00 "," $4,25,500.00 ",49358,1/5/2014,5, May ,2014
Small Business,France, Paseo , Medium ,448,10,300," $1,34,400.00 ",9408," $1,24,992.00 "," $1,12,000.00 ",12992,1/6/2014,6, June ,2014
Enterprise,Germany, Paseo , Medium ,3513,10,125," $4,39,125.00 ",30738.75," $4,08,386.25 "," $4,21,560.00 ",-13173.75,1/7/2014,7, July ,2014
Midmarket,France, Paseo , Medium ,2101,10,15,31515,2206.05,29308.95,21010,8298.95,1/8/2014,8, August ,2014
Midmarket,United States of America, Paseo , Medium ,2931,10,15,43965,3077.55,40887.45,29310,11577.45,1/9/2013,9, September ,2013
Government,France, Paseo , Medium ,1535,10,20,30700,2149,28551,15350,13201,1/9/2014,9, September ,2014
Small Business,Germany, Paseo , Medium ,1123,10,300," $3,36,900.00 ",23583," $3,13,317.00 "," $2,80,750.00 ",32567,1/9/2013,9, September ,2013
Small Business,Canada, Paseo , Medium ,1404,10,300," $4,21,200.00 ",29484," $3,91,716.00 "," $3,51,000.00 ",40716,1/11/2013,11, November ,2013
Channel Partners,Mexico, Paseo , Medium ,2763,10,12,33156,2320.92,30835.08,8289,22546.08,1/11/2013,11, November ,2013
Government,Germany, Paseo , Medium ,2125,10,7,14875,1041.25,13833.75,10625,3208.75,1/12/2013,12, December ,2013
Small Business,France, Velo , Medium ,1659,120,300," $4,97,700.00 ",34839," $4,62,861.00 "," $4,14,750.00 ",48111,1/7/2014,7, July ,2014
Government,Mexico, Velo , Medium ,609,120,20,12180,852.6,11327.4,6090,5237.4,1/8/2014,8, August ,2014
Enterprise,Germany, Velo , Medium ,2087,120,125," $2,60,875.00 ",18261.25," $2,42,613.75 "," $2,50,440.00 ",-7826.25,1/9/2014,9, September ,2014
Government,France, Velo , Medium ,1976,120,20,39520,2766.4,36753.6,19760,16993.6,1/10/2014,10, October ,2014
Government,United States of America, Velo , Medium ,1421,120,20,28420,1989.4,26430.6,14210,12220.6,1/12/2013,12, December ,2013
Small Business,United States of America, Velo , Medium ,1372,120,300," $4,11,600.00 ",28812," $3,82,788.00 "," $3,43,000.00 ",39788,1/12/2014,12, December ,2014
Government,Germany, Velo , Medium ,588,120,20,11760,823.2,10936.8,5880,5056.8,1/12/2013,12, December ,2013
Channel Partners,Canada, VTT , Medium ,3244.5,250,12,38934,2725.38,36208.62,9733.5,26475.12,1/1/2014,1, January ,2014
Small Business,France, VTT , Medium ,959,250,300," $2,87,700.00 ",20139," $2,67,561.00 "," $2,39,750.00 ",27811,1/2/2014,2, February ,2014
Small Business,Mexico, VTT , Medium ,2747,250,300," $8,24,100.00 ",57687," $7,66,413.00 "," $6,86,750.00 ",79663,1/2/2014,2, February ,2014
Enterprise,Canada, Amarilla , Medium ,1645,260,125," $2,05,625.00 ",14393.75," $1,91,231.25 "," $1,97,400.00 ",-6168.75,1/5/2014,5, May ,2014
Government,France, Amarilla , Medium ,2876,260,350," $10,06,600.00 ",70462," $9,36,138.00 "," $7,47,760.00 "," $1,88,378.00 ",1/9/2014,9, September ,2014
Enterprise,Germany, Amarilla , Medium ,994,260,125," $1,24,250.00 ",8697.5," $1,15,552.50 "," $1,19,280.00 ",-3727.5,1/9/2013,9, September ,2013
Government,Canada, Amarilla , Medium ,1118,260,20,22360,1565.2,20794.8,11180,9614.8,1/11/2014,11, November ,2014
Small Business,United States of America, Amarilla , Medium ,1372,260,300," $4,11,600.00 ",28812," $3,82,788.00 "," $3,43,000.00 ",39788,1/12/2014,12, December ,2014
Government,Canada, Montana , Medium ,488,5,7,3416,273.28,3142.72,2440,702.72,1/2/2014,2, February ,2014
Government,United States of America, Montana , Medium ,1282,5,20,25640,2051.2,23588.8,12820,10768.8,1/6/2014,6, June ,2014
Government,Canada, Paseo , Medium ,257,10,7,1799,143.92,1655.08,1285,370.08,1/5/2014,5, May ,2014
Government,United States of America, Amarilla , Medium ,1282,260,20,25640,2051.2,23588.8,12820,10768.8,1/6/2014,6, June ,2014
Enterprise,Mexico, Carretera , Medium ,1540,3,125," $1,92,500.00 ",15400," $1,77,100.00 "," $1,84,800.00 ",-7700,1/8/2014,8, August ,2014
Midmarket,France, Carretera , Medium ,490,3,15,7350,588,6762,4900,1862,1/11/2014,11, November ,2014
Government,Mexico, Carretera , Medium ,1362,3,350," $4,76,700.00 ",38136," $4,38,564.00 "," $3,54,120.00 ",84444,1/12/2014,12, December ,2014
Midmarket,France, Montana , Medium ,2501,5,15,37515,3001.2,34513.8,25010,9503.8,1/3/2014,3, March ,2014
Government,Canada, Montana , Medium ,708,5,20,14160,1132.8,13027.2,7080,5947.2,1/6/2014,6, June ,2014
Government,Germany, Montana , Medium ,645,5,20,12900,1032,11868,6450,5418,1/7/2014,7, July ,2014
Small Business,France, Montana , Medium ,1562,5,300," $4,68,600.00 ",37488," $4,31,112.00 "," $3,90,500.00 ",40612,1/8/2014,8, August ,2014
Small Business,Canada, Montana , Medium ,1283,5,300," $3,84,900.00 ",30792," $3,54,108.00 "," $3,20,750.00 ",33358,1/9/2013,9, September ,2013
Midmarket,Germany, Montana , Medium ,711,5,15,10665,853.2,9811.8,7110,2701.8,1/12/2014,12, December ,2014
Enterprise,Mexico, Paseo , Medium ,1114,10,125," $1,39,250.00 ",11140," $1,28,110.00 "," $1,33,680.00 ",-5570,1/3/2014,3, March ,2014
Government,Germany, Paseo , Medium ,1259,10,7,8813,705.04,8107.96,6295,1812.96,1/4/2014,4, April ,2014
Government,Germany, Paseo , Medium ,1095,10,7,7665,613.2,7051.8,5475,1576.8,1/5/2014,5, May ,2014
Government,Germany, Paseo , Medium ,1366,10,20,27320,2185.6,25134.4,13660,11474.4,1/6/2014,6, June ,2014
Small Business,Mexico, Paseo , Medium ,2460,10,300," $7,38,000.00 ",59040," $6,78,960.00 "," $6,15,000.00 ",63960,1/6/2014,6, June ,2014
Government,United States of America, Paseo , Medium ,678,10,7,4746,379.68,4366.32,3390,976.32,1/8/2014,8, August ,2014
Government,Germany, Paseo , Medium ,1598,10,7,11186,894.88,10291.12,7990,2301.12,1/8/2014,8, August ,2014
Government,Germany, Paseo , Medium ,2409,10,7,16863,1349.04,15513.96,12045,3468.96,1/9/2013,9, September ,2013
Government,Germany, Paseo , Medium ,1934,10,20,38680,3094.4,35585.6,19340,16245.6,1/9/2014,9, September ,2014
Government,Mexico, Paseo , Medium ,2993,10,20,59860,4788.8,55071.2,29930,25141.2,1/9/2014,9, September ,2014
Government,Germany, Paseo , Medium ,2146,10,350," $7,51,100.00 ",60088," $6,91,012.00 "," $5,57,960.00 "," $1,33,052.00 ",1/11/2013,11, November ,2013
Government,Mexico, Paseo , Medium ,1946,10,7,13622,1089.76,12532.24,9730,2802.24,1/12/2013,12, December ,2013
Government,Mexico, Paseo , Medium ,1362,10,350," $4,76,700.00 ",38136," $4,38,564.00 "," $3,54,120.00 ",84444,1/12/2014,12, December ,2014
Channel Partners,Canada, Velo , Medium ,598,120,12,7176,574.08,6601.92,1794,4807.92,1/3/2014,3, March ,2014
Government,United States of America, Velo , Medium ,2907,120,7,20349,1627.92,18721.08,14535,4186.08,1/6/2014,6, June ,2014
Government,Germany, Velo , Medium ,2338,120,7,16366,1309.28,15056.72,11690,3366.72,1/6/2014,6, June ,2014
Small Business,France, Velo , Medium ,386,120,300," $1,15,800.00 ",9264," $1,06,536.00 ",96500,10036,1/11/2013,11, November ,2013
Small Business,Mexico, Velo , Medium ,635,120,300," $1,90,500.00 ",15240," $1,75,260.00 "," $1,58,750.00 ",16510,1/12/2014,12, December ,2014
Government,France, VTT , Medium ,574.5,250,350," $2,01,075.00 ",16086," $1,84,989.00 "," $1,49,370.00 ",35619,1/4/2014,4, April ,2014
Government,Germany, VTT , Medium ,2338,250,7,16366,1309.28,15056.72,11690,3366.72,1/6/2014,6, June ,2014
Government,France, VTT , Medium ,381,250,350," $1,33,350.00 ",10668," $1,22,682.00 ",99060,23622,1/8/2014,8, August ,2014
Government,Germany, VTT , Medium ,422,250,350," $1,47,700.00 ",11816," $1,35,884.00 "," $1,09,720.00 ",26164,1/8/2014,8, August ,2014
Small Business,Canada, VTT , Medium ,2134,250,300," $6,40,200.00 ",51216," $5,88,984.00 "," $5,33,500.00 ",55484,1/9/2014,9, September ,2014
Small Business,United States of America, VTT , Medium ,808,250,300," $2,42,400.00 ",19392," $2,23,008.00 "," $2,02,000.00 ",21008,1/12/2013,12, December ,2013
Government,Canada, Amarilla , Medium ,708,260,20,14160,1132.8,13027.2,7080,5947.2,1/6/2014,6, June ,2014
Government,United States of America, Amarilla , Medium ,2907,260,7,20349,1627.92,18721.08,14535,4186.08,1/6/2014,6, June ,2014
Government,Germany, Amarilla , Medium ,1366,260,20,27320,2185.6,25134.4,13660,11474.4,1/6/2014,6, June ,2014
Small Business,Mexico, Amarilla , Medium ,2460,260,300," $7,38,000.00 ",59040," $6,78,960.00 "," $6,15,000.00 ",63960,1/6/2014,6, June ,2014
Government,Germany, Amarilla , Medium ,1520,260,20,30400,2432,27968,15200,12768,1/11/2014,11, November ,2014
Midmarket,Germany, Amarilla , Medium ,711,260,15,10665,853.2,9811.8,7110,2701.8,1/12/2014,12, December ,2014
Channel Partners,Mexico, Amarilla , Medium ,1375,260,12,16500,1320,15180,4125,11055,1/12/2013,12, December ,2013
Small Business,Mexico, Amarilla , Medium ,635,260,300," $1,90,500.00 ",15240," $1,75,260.00 "," $1,58,750.00 ",16510,1/12/2014,12, December ,2014
Government,United States of America, VTT , Medium ,436.5,250,20,8730,698.4,8031.6,4365,3666.6,1/7/2014,7, July ,2014
Small Business,Canada, Carretera , Medium ,1094,3,300," $3,28,200.00 ",29538," $2,98,662.00 "," $2,73,500.00 ",25162,1/6/2014,6, June ,2014
Channel Partners,Mexico, Carretera , Medium ,367,3,12,4404,396.36,4007.64,1101,2906.64,1/10/2013,10, October ,2013
Small Business,Canada, Montana , Medium ,3802.5,5,300," $11,40,750.00 "," $1,02,667.50 "," $10,38,082.50 "," $9,50,625.00 ",87457.5,1/4/2014,4, April ,2014
Government,France, Montana , Medium ,1666,5,350," $5,83,100.00 ",52479," $5,30,621.00 "," $4,33,160.00 ",97461,1/5/2014,5, May ,2014
Small Business,France, Montana , Medium ,322,5,300,96600,8694,87906,80500,7406,1/9/2013,9, September ,2013
Channel Partners,Canada, Montana , Medium ,2321,5,12,27852,2506.68,25345.32,6963,18382.32,1/11/2014,11, November ,2014
Enterprise,France, Montana , Medium ,1857,5,125," $2,32,125.00 ",20891.25," $2,11,233.75 "," $2,22,840.00 ",-11606.25,1/11/2013,11, November ,2013
Government,Canada, Montana , Medium ,1611,5,7,11277,1014.93,10262.07,8055,2207.07,1/12/2013,12, December ,2013
Enterprise,United States of America, Montana , Medium ,2797,5,125," $3,49,625.00 ",31466.25," $3,18,158.75 "," $3,35,640.00 ",-17481.25,1/12/2014,12, December ,2014
Small Business,Germany, Montana , Medium ,334,5,300," $1,00,200.00 ",9018,91182,83500,7682,1/12/2013,12, December ,2013
Small Business,Mexico, Paseo , Medium ,2565,10,300," $7,69,500.00 ",69255," $7,00,245.00 "," $6,41,250.00 ",58995,1/1/2014,1, January ,2014
Government,Mexico, Paseo , Medium ,2417,10,350," $8,45,950.00 ",76135.5," $7,69,814.50 "," $6,28,420.00 "," $1,41,394.50 ",1/1/2014,1, January ,2014
Midmarket,United States of America, Paseo , Medium ,3675,10,15,55125,4961.25,50163.75,36750,13413.75,1/4/2014,4, April ,2014
Small Business,Canada, Paseo , Medium ,1094,10,300," $3,28,200.00 ",29538," $2,98,662.00 "," $2,73,500.00 ",25162,1/6/2014,6, June ,2014
Midmarket,France, Paseo , Medium ,1227,10,15,18405,1656.45,16748.55,12270,4478.55,1/10/2014,10, October ,2014
Channel Partners,Mexico, Paseo , Medium ,367,10,12,4404,396.36,4007.64,1101,2906.64,1/10/2013,10, October ,2013
Small Business,France, Paseo , Medium ,1324,10,300," $3,97,200.00 ",35748," $3,61,452.00 "," $3,31,000.00 ",30452,1/11/2014,11, November ,2014
Channel Partners,Germany, Paseo , Medium ,1775,10,12,21300,1917,19383,5325,14058,1/11/2013,11, November ,2013
Enterprise,United States of America, Paseo , Medium ,2797,10,125," $3,49,625.00 ",31466.25," $3,18,158.75 "," $3,35,640.00 ",-17481.25,1/12/2014,12, December ,2014
Midmarket,Mexico, Velo , Medium ,245,120,15,3675,330.75,3344.25,2450,894.25,1/5/2014,5, May ,2014
Small Business,Canada, Velo , Medium ,3793.5,120,300," $11,38,050.00 "," $1,02,424.50 "," $10,35,625.50 "," $9,48,375.00 ",87250.5,1/7/2014,7, July ,2014
Government,Germany, Velo , Medium ,1307,120,350," $4,57,450.00 ",41170.5," $4,16,279.50 "," $3,39,820.00 ",76459.5,1/7/2014,7, July ,2014
Enterprise,Canada, Velo , Medium ,567,120,125,70875,6378.75,64496.25,68040,-3543.75,1/9/2014,9, September ,2014
Enterprise,Mexico, Velo , Medium ,2110,120,125," $2,63,750.00 ",23737.5," $2,40,012.50 "," $2,53,200.00 ",-13187.5,1/9/2014,9, September ,2014
Government,Canada, Velo , Medium ,1269,120,350," $4,44,150.00 ",39973.5," $4,04,176.50 "," $3,29,940.00 ",74236.5,1/10/2014,10, October ,2014
Channel Partners,United States of America, VTT , Medium ,1956,250,12,23472,2112.48,21359.52,5868,15491.52,1/1/2014,1, January ,2014
Small Business,Germany, VTT , Medium ,2659,250,300," $7,97,700.00 ",71793," $7,25,907.00 "," $6,64,750.00 ",61157,1/2/2014,2, February ,2014
Government,United States of America, VTT , Medium ,1351.5,250,350," $4,73,025.00 ",42572.25," $4,30,452.75 "," $3,51,390.00 ",79062.75,1/4/2014,4, April ,2014
Channel Partners,Germany, VTT , Medium ,880,250,12,10560,950.4,9609.6,2640,6969.6,1/5/2014,5, May ,2014
Small Business,United States of America, VTT , Medium ,1867,250,300," $5,60,100.00 ",50409," $5,09,691.00 "," $4,66,750.00 ",42941,1/9/2014,9, September ,2014
Channel Partners,France, VTT , Medium ,2234,250,12,26808,2412.72,24395.28,6702,17693.28,1/9/2013,9, September ,2013
Midmarket,France, VTT , Medium ,1227,250,15,18405,1656.45,16748.55,12270,4478.55,1/10/2014,10, October ,2014
Enterprise,Mexico, VTT , Medium ,877,250,125," $1,09,625.00 ",9866.25,99758.75," $1,05,240.00 ",-5481.25,1/11/2014,11, November ,2014
Government,United States of America, Amarilla , Medium ,2071,260,350," $7,24,850.00 ",65236.5," $6,59,613.50 "," $5,38,460.00 "," $1,21,153.50 ",1/9/2014,9, September ,2014
Government,Canada, Amarilla , Medium ,1269,260,350," $4,44,150.00 ",39973.5," $4,04,176.50 "," $3,29,940.00 ",74236.5,1/10/2014,10, October ,2014
Midmarket,Germany, Amarilla , Medium ,970,260,15,14550,1309.5,13240.5,9700,3540.5,1/11/2013,11, November ,2013
Government,Mexico, Amarilla , Medium ,1694,260,20,33880,3049.2,30830.8,16940,13890.8,1/11/2014,11, November ,2014
Government,Germany, Carretera , Medium ,663,3,20,13260,1193.4,12066.6,6630,5436.6,1/5/2014,5, May ,2014
Government,Canada, Carretera , Medium ,819,3,7,5733,515.97,5217.03,4095,1122.03,1/7/2014,7, July ,2014
Channel Partners,Germany, Carretera , Medium ,1580,3,12,18960,1706.4,17253.6,4740,12513.6,1/9/2014,9, September ,2014
Government,Mexico, Carretera , Medium ,521,3,7,3647,328.23,3318.77,2605,713.77,1/12/2014,12, December ,2014
Government,United States of America, Paseo , Medium ,973,10,20,19460,1751.4,17708.6,9730,7978.6,1/3/2014,3, March ,2014
Government,Mexico, Paseo , Medium ,1038,10,20,20760,1868.4,18891.6,10380,8511.6,1/6/2014,6, June ,2014
Government,Germany, Paseo , Medium ,360,10,7,2520,226.8,2293.2,1800,493.2,1/10/2014,10, October ,2014
Channel Partners,France, Velo , Medium ,1967,120,12,23604,2124.36,21479.64,5901,15578.64,1/3/2014,3, March ,2014
Midmarket,Mexico, Velo , Medium ,2628,120,15,39420,3547.8,35872.2,26280,9592.2,1/4/2014,4, April ,2014
Government,Germany, VTT , Medium ,360,250,7,2520,226.8,2293.2,1800,493.2,1/10/2014,10, October ,2014
Government,France, VTT , Medium ,2682,250,20,53640,4827.6,48812.4,26820,21992.4,1/11/2013,11, November ,2013
Government,Mexico, VTT , Medium ,521,250,7,3647,328.23,3318.77,2605,713.77,1/12/2014,12, December ,2014
Government,Mexico, Amarilla , Medium ,1038,260,20,20760,1868.4,18891.6,10380,8511.6,1/6/2014,6, June ,2014
Midmarket,Canada, Amarilla , Medium ,1630.5,260,15,24457.5,2201.18,22256.33,16305,5951.33,1/7/2014,7, July ,2014
Channel Partners,France, Amarilla , Medium ,306,260,12,3672,330.48,3341.52,918,2423.52,1/12/2013,12, December ,2013
Channel Partners,United States of America, Carretera , High ,386,3,12,4632,463.2,4168.8,1158,3010.8,1/10/2013,10, October ,2013
Government,United States of America, Montana , High ,2328,5,7,16296,1629.6,14666.4,11640,3026.4,1/9/2014,9, September ,2014
Channel Partners,United States of America, Paseo , High ,386,10,12,4632,463.2,4168.8,1158,3010.8,1/10/2013,10, October ,2013
Enterprise,United States of America, Carretera , High ,3445.5,3,125," $4,30,687.50 ",43068.75," $3,87,618.75 "," $4,13,460.00 ",-25841.25,1/4/2014,4, April ,2014
Enterprise,France, Carretera , High ,1482,3,125," $1,85,250.00 ",18525," $1,66,725.00 "," $1,77,840.00 ",-11115,1/12/2013,12, December ,2013
Government,United States of America, Montana , High ,2313,5,350," $8,09,550.00 ",80955," $7,28,595.00 "," $6,01,380.00 "," $1,27,215.00 ",1/5/2014,5, May ,2014
Enterprise,United States of America, Montana , High ,1804,5,125," $2,25,500.00 ",22550," $2,02,950.00 "," $2,16,480.00 ",-13530,1/11/2013,11, November ,2013
Midmarket,France, Montana , High ,2072,5,15,31080,3108,27972,20720,7252,1/12/2014,12, December ,2014
Government,France, Paseo , High ,1954,10,20,39080,3908,35172,19540,15632,1/3/2014,3, March ,2014
Small Business,Mexico, Paseo , High ,591,10,300," $1,77,300.00 ",17730," $1,59,570.00 "," $1,47,750.00 ",11820,1/5/2014,5, May ,2014
Midmarket,France, Paseo , High ,2167,10,15,32505,3250.5,29254.5,21670,7584.5,1/10/2013,10, October ,2013
Government,Germany, Paseo , High ,241,10,20,4820,482,4338,2410,1928,1/10/2014,10, October ,2014
Midmarket,Germany, Velo , High ,681,120,15,10215,1021.5,9193.5,6810,2383.5,1/1/2014,1, January ,2014
Midmarket,Germany, Velo , High ,510,120,15,7650,765,6885,5100,1785,1/4/2014,4, April ,2014
Midmarket,United States of America, Velo , High ,790,120,15,11850,1185,10665,7900,2765,1/5/2014,5, May ,2014
Government,France, Velo , High ,639,120,350," $2,23,650.00 ",22365," $2,01,285.00 "," $1,66,140.00 ",35145,1/7/2014,7, July ,2014
Enterprise,United States of America, Velo , High ,1596,120,125," $1,99,500.00 ",19950," $1,79,550.00 "," $1,91,520.00 ",-11970,1/9/2014,9, September ,2014
Small Business,United States of America, Velo , High ,2294,120,300," $6,88,200.00 ",68820," $6,19,380.00 "," $5,73,500.00 ",45880,1/10/2013,10, October ,2013
Government,Germany, Velo , High ,241,120,20,4820,482,4338,2410,1928,1/10/2014,10, October ,2014
Government,Germany, Velo , High ,2665,120,7,18655,1865.5,16789.5,13325,3464.5,1/11/2014,11, November ,2014
Enterprise,Canada, Velo , High ,1916,120,125," $2,39,500.00 ",23950," $2,15,550.00 "," $2,29,920.00 ",-14370,1/12/2013,12, December ,2013
Small Business,France, Velo , High ,853,120,300," $2,55,900.00 ",25590," $2,30,310.00 "," $2,13,250.00 ",17060,1/12/2014,12, December ,2014
Enterprise,Mexico, VTT , High ,341,250,125,42625,4262.5,38362.5,40920,-2557.5,1/5/2014,5, May ,2014
Midmarket,Mexico, VTT , High ,641,250,15,9615,961.5,8653.5,6410,2243.5,1/7/2014,7, July ,2014
Government,United States of America, VTT , High ,2807,250,350," $9,82,450.00 ",98245," $8,84,205.00 "," $7,29,820.00 "," $1,54,385.00 ",1/8/2014,8, August ,2014
Small Business,Mexico, VTT , High ,432,250,300," $1,29,600.00 ",12960," $1,16,640.00 "," $1,08,000.00 ",8640,1/9/2014,9, September ,2014
Small Business,United States of America, VTT , High ,2294,250,300," $6,88,200.00 ",68820," $6,19,380.00 "," $5,73,500.00 ",45880,1/10/2013,10, October ,2013
Midmarket,France, VTT , High ,2167,250,15,32505,3250.5,29254.5,21670,7584.5,1/10/2013,10, October ,2013
Enterprise,Canada, VTT , High ,2529,250,125," $3,16,125.00 ",31612.5," $2,84,512.50 "," $3,03,480.00 ",-18967.5,1/11/2014,11, November ,2014
Government,Germany, VTT , High ,1870,250,350," $6,54,500.00 ",65450," $5,89,050.00 "," $4,86,200.00 "," $1,02,850.00 ",1/12/2013,12, December ,2013
Enterprise,United States of America, Amarilla , High ,579,260,125,72375,7237.5,65137.5,69480,-4342.5,1/1/2014,1, January ,2014
Government,Canada, Amarilla , High ,2240,260,350," $7,84,000.00 ",78400," $7,05,600.00 "," $5,82,400.00 "," $1,23,200.00 ",1/2/2014,2, February ,2014
Small Business,United States of America, Amarilla , High ,2993,260,300," $8,97,900.00 ",89790," $8,08,110.00 "," $7,48,250.00 ",59860,1/3/2014,3, March ,2014
Channel Partners,Canada, Amarilla , High ,3520.5,260,12,42246,4224.6,38021.4,10561.5,27459.9,1/4/2014,4, April ,2014
Government,Mexico, Amarilla , High ,2039,260,20,40780,4078,36702,20390,16312,1/5/2014,5, May ,2014
Channel Partners,Germany, Amarilla , High ,2574,260,12,30888,3088.8,27799.2,7722,20077.2,1/8/2014,8, August ,2014
Government,Canada, Amarilla , High ,707,260,350," $2,47,450.00 ",24745," $2,22,705.00 "," $1,83,820.00 ",38885,1/9/2014,9, September ,2014
Midmarket,France, Amarilla , High ,2072,260,15,31080,3108,27972,20720,7252,1/12/2014,12, December ,2014
Small Business,France, Amarilla , High ,853,260,300," $2,55,900.00 ",25590," $2,30,310.00 "," $2,13,250.00 ",17060,1/12/2014,12, December ,2014
Channel Partners,France, Carretera , High ,1198,3,12,14376,1581.36,12794.64,3594,9200.64,1/10/2013,10, October ,2013
Government,France, Paseo , High ,2532,10,7,17724,1949.64,15774.36,12660,3114.36,1/4/2014,4, April ,2014
Channel Partners,France, Paseo , High ,1198,10,12,14376,1581.36,12794.64,3594,9200.64,1/10/2013,10, October ,2013
Midmarket,Canada, Velo , High ,384,120,15,5760,633.6,5126.4,3840,1286.4,1/1/2014,1, January ,2014
Channel Partners,Germany, Velo , High ,472,120,12,5664,623.04,5040.96,1416,3624.96,1/10/2014,10, October ,2014
Government,United States of America, VTT , High ,1579,250,7,11053,1215.83,9837.17,7895,1942.17,1/3/2014,3, March ,2014
Channel Partners,Mexico, VTT , High ,1005,250,12,12060,1326.6,10733.4,3015,7718.4,1/9/2013,9, September ,2013
Midmarket,United States of America, Amarilla , High ,3199.5,260,15,47992.5,5279.18,42713.33,31995,10718.33,1/7/2014,7, July ,2014
Channel Partners,Germany, Amarilla , High ,472,260,12,5664,623.04,5040.96,1416,3624.96,1/10/2014,10, October ,2014
Channel Partners,Canada, Carretera , High ,1937,3,12,23244,2556.84,20687.16,5811,14876.16,1/2/2014,2, February ,2014
Government,Germany, Carretera , High ,792,3,350," $2,77,200.00 ",30492," $2,46,708.00 "," $2,05,920.00 ",40788,1/3/2014,3, March ,2014
Small Business,Germany, Carretera , High ,2811,3,300," $8,43,300.00 ",92763," $7,50,537.00 "," $7,02,750.00 ",47787,1/7/2014,7, July ,2014
Enterprise,France, Carretera , High ,2441,3,125," $3,05,125.00 ",33563.75," $2,71,561.25 "," $2,92,920.00 ",-21358.75,1/10/2014,10, October ,2014
Midmarket,Canada, Carretera , High ,1560,3,15,23400,2574,20826,15600,5226,1/11/2013,11, November ,2013
Government,Mexico, Carretera , High ,2706,3,7,18942,2083.62,16858.38,13530,3328.38,1/11/2013,11, November ,2013
Government,Germany, Montana , High ,766,5,350," $2,68,100.00 ",29491," $2,38,609.00 "," $1,99,160.00 ",39449,1/1/2014,1, January ,2014
Government,Germany, Montana , High ,2992,5,20,59840,6582.4,53257.6,29920,23337.6,1/10/2013,10, October ,2013
Midmarket,Mexico, Montana , High ,2157,5,15,32355,3559.05,28795.95,21570,7225.95,1/12/2014,12, December ,2014
Small Business,Canada, Paseo , High ,873,10,300," $2,61,900.00 ",28809," $2,33,091.00 "," $2,18,250.00 ",14841,1/1/2014,1, January ,2014
Government,Mexico, Paseo , High ,1122,10,20,22440,2468.4,19971.6,11220,8751.6,1/3/2014,3, March ,2014
Government,Canada, Paseo , High ,2104.5,10,350," $7,36,575.00 ",81023.25," $6,55,551.75 "," $5,47,170.00 "," $1,08,381.75 ",1/7/2014,7, July ,2014
Channel Partners,Canada, Paseo , High ,4026,10,12,48312,5314.32,42997.68,12078,30919.68,1/7/2014,7, July ,2014
Channel Partners,France, Paseo , High ,2425.5,10,12,29106,3201.66,25904.34,7276.5,18627.84,1/7/2014,7, July ,2014
Government,Canada, Paseo , High ,2394,10,20,47880,5266.8,42613.2,23940,18673.2,1/8/2014,8, August ,2014
Midmarket,Mexico, Paseo , High ,1984,10,15,29760,3273.6,26486.4,19840,6646.4,1/8/2014,8, August ,2014
Enterprise,France, Paseo , High ,2441,10,125," $3,05,125.00 ",33563.75," $2,71,561.25 "," $2,92,920.00 ",-21358.75,1/10/2014,10, October ,2014
Government,Germany, Paseo , High ,2992,10,20,59840,6582.4,53257.6,29920,23337.6,1/10/2013,10, October ,2013
Small Business,Canada, Paseo , High ,1366,10,300," $4,09,800.00 ",45078," $3,64,722.00 "," $3,41,500.00 ",23222,1/11/2014,11, November ,2014
Government,France, Velo , High ,2805,120,20,56100,6171,49929,28050,21879,1/9/2013,9, September ,2013
Midmarket,Mexico, Velo , High ,655,120,15,9825,1080.75,8744.25,6550,2194.25,1/9/2013,9, September ,2013
Government,Mexico, Velo , High ,344,120,350," $1,20,400.00 ",13244," $1,07,156.00 ",89440,17716,1/10/2013,10, October ,2013
Government,Canada, Velo , High ,1808,120,7,12656,1392.16,11263.84,9040,2223.84,1/11/2014,11, November ,2014
Channel Partners,France, VTT , High ,1734,250,12,20808,2288.88,18519.12,5202,13317.12,1/1/2014,1, January ,2014
Enterprise,Mexico, VTT , High ,554,250,125,69250,7617.5,61632.5,66480,-4847.5,1/1/2014,1, January ,2014
Government,Canada, VTT , High ,2935,250,20,58700,6457,52243,29350,22893,1/11/2013,11, November ,2013
Enterprise,Germany, Amarilla , High ,3165,260,125," $3,95,625.00 ",43518.75," $3,52,106.25 "," $3,79,800.00 ",-27693.75,1/1/2014,1, January ,2014
Government,Mexico, Amarilla , High ,2629,260,20,52580,5783.8,46796.2,26290,20506.2,1/1/2014,1, January ,2014
Enterprise,France, Amarilla , High ,1433,260,125," $1,79,125.00 ",19703.75," $1,59,421.25 "," $1,71,960.00 ",-12538.75,1/5/2014,5, May ,2014
Enterprise,Mexico, Amarilla , High ,947,260,125," $1,18,375.00 ",13021.25," $1,05,353.75 "," $1,13,640.00 ",-8286.25,1/9/2013,9, September ,2013
Government,Mexico, Amarilla , High ,344,260,350," $1,20,400.00 ",13244," $1,07,156.00 ",89440,17716,1/10/2013,10, October ,2013
Midmarket,Mexico, Amarilla , High ,2157,260,15,32355,3559.05,28795.95,21570,7225.95,1/12/2014,12, December ,2014
Government,United States of America, Paseo , High ,380,10,7,2660,292.6,2367.4,1900,467.4,1/9/2013,9, September ,2013
Government,Mexico, Carretera , High ,886,3,350," $3,10,100.00 ",37212," $2,72,888.00 "," $2,30,360.00 ",42528,1/6/2014,6, June ,2014
Enterprise,Canada, Carretera , High ,2416,3,125," $3,02,000.00 ",36240," $2,65,760.00 "," $2,89,920.00 ",-24160,1/9/2013,9, September ,2013
Enterprise,Mexico, Carretera , High ,2156,3,125," $2,69,500.00 ",32340," $2,37,160.00 "," $2,58,720.00 ",-21560,1/10/2014,10, October ,2014
Midmarket,Canada, Carretera , High ,2689,3,15,40335,4840.2,35494.8,26890,8604.8,1/11/2014,11, November ,2014
Midmarket,United States of America, Montana , High ,677,5,15,10155,1218.6,8936.4,6770,2166.4,1/3/2014,3, March ,2014
Small Business,France, Montana , High ,1773,5,300," $5,31,900.00 ",63828," $4,68,072.00 "," $4,43,250.00 ",24822,1/4/2014,4, April ,2014
Government,Mexico, Montana , High ,2420,5,7,16940,2032.8,14907.2,12100,2807.2,1/9/2014,9, September ,2014
Government,Canada, Montana , High ,2734,5,7,19138,2296.56,16841.44,13670,3171.44,1/10/2014,10, October ,2014
Government,Mexico, Montana , High ,1715,5,20,34300,4116,30184,17150,13034,1/10/2013,10, October ,2013
Small Business,France, Montana , High ,1186,5,300," $3,55,800.00 ",42696," $3,13,104.00 "," $2,96,500.00 ",16604,1/12/2013,12, December ,2013
Small Business,United States of America, Paseo , High ,3495,10,300," $10,48,500.00 "," $1,25,820.00 "," $9,22,680.00 "," $8,73,750.00 ",48930,1/1/2014,1, January ,2014
Government,Mexico, Paseo , High ,886,10,350," $3,10,100.00 ",37212," $2,72,888.00 "," $2,30,360.00 ",42528,1/6/2014,6, June ,2014
Enterprise,Mexico, Paseo , High ,2156,10,125," $2,69,500.00 ",32340," $2,37,160.00 "," $2,58,720.00 ",-21560,1/10/2014,10, October ,2014
Government,Mexico, Paseo , High ,905,10,20,18100,2172,15928,9050,6878,1/10/2014,10, October ,2014
Government,Mexico, Paseo , High ,1715,10,20,34300,4116,30184,17150,13034,1/10/2013,10, October ,2013
Government,France, Paseo , High ,1594,10,350," $5,57,900.00 ",66948," $4,90,952.00 "," $4,14,440.00 ",76512,1/11/2014,11, November ,2014
Small Business,Germany, Paseo , High ,1359,10,300," $4,07,700.00 ",48924," $3,58,776.00 "," $3,39,750.00 ",19026,1/11/2014,11, November ,2014
Small Business,Mexico, Paseo , High ,2150,10,300," $6,45,000.00 ",77400," $5,67,600.00 "," $5,37,500.00 ",30100,1/11/2014,11, November ,2014
Government,Mexico, Paseo , High ,1197,10,350," $4,18,950.00 ",50274," $3,68,676.00 "," $3,11,220.00 ",57456,1/11/2014,11, November ,2014
Midmarket,Mexico, Paseo , High ,380,10,15,5700,684,5016,3800,1216,1/12/2013,12, December ,2013
Government,Mexico, Paseo , High ,1233,10,20,24660,2959.2,21700.8,12330,9370.8,1/12/2014,12, December ,2014
Government,Mexico, Velo , High ,1395,120,350," $4,88,250.00 ",58590," $4,29,660.00 "," $3,62,700.00 ",66960,1/7/2014,7, July ,2014
Government,United States of America, Velo , High ,986,120,350," $3,45,100.00 ",41412," $3,03,688.00 "," $2,56,360.00 ",47328,1/10/2014,10, October ,2014
Government,Mexico, Velo , High ,905,120,20,18100,2172,15928,9050,6878,1/10/2014,10, October ,2014
Channel Partners,Canada, VTT , High ,2109,250,12,25308,3036.96,22271.04,6327,15944.04,1/5/2014,5, May ,2014
Midmarket,France, VTT , High ,3874.5,250,15,58117.5,6974.1,51143.4,38745,12398.4,1/7/2014,7, July ,2014
Government,Canada, VTT , High ,623,250,350," $2,18,050.00 ",26166," $1,91,884.00 "," $1,61,980.00 ",29904,1/9/2013,9, September ,2013
Government,United States of America, VTT , High ,986,250,350," $3,45,100.00 ",41412," $3,03,688.00 "," $2,56,360.00 ",47328,1/10/2014,10, October ,2014
Enterprise,United States of America, VTT , High ,2387,250,125," $2,98,375.00 ",35805," $2,62,570.00 "," $2,86,440.00 ",-23870,1/11/2014,11, November ,2014
Government,Mexico, VTT , High ,1233,250,20,24660,2959.2,21700.8,12330,9370.8,1/12/2014,12, December ,2014
Government,United States of America, Amarilla , High ,270,260,350,94500,11340,83160,70200,12960,1/2/2014,2, February ,2014
Government,France, Amarilla , High ,3421.5,260,7,23950.5,2874.06,21076.44,17107.5,3968.94,1/7/2014,7, July ,2014
Government,Canada, Amarilla , High ,2734,260,7,19138,2296.56,16841.44,13670,3171.44,1/10/2014,10, October ,2014
Midmarket,United States of America, Amarilla , High ,2548,260,15,38220,4586.4,33633.6,25480,8153.6,1/11/2013,11, November ,2013
Government,France, Carretera , High ,2521.5,3,20,50430,6051.6,44378.4,25215,19163.4,1/1/2014,1, January ,2014
Channel Partners,Mexico, Montana , High ,2661,5,12,31932,3831.84,28100.16,7983,20117.16,1/5/2014,5, May ,2014
Government,Germany, Paseo , High ,1531,10,20,30620,3674.4,26945.6,15310,11635.6,1/12/2014,12, December ,2014
Government,France, VTT , High ,1491,250,7,10437,1252.44,9184.56,7455,1729.56,1/3/2014,3, March ,2014
Government,Germany, VTT , High ,1531,250,20,30620,3674.4,26945.6,15310,11635.6,1/12/2014,12, December ,2014
Channel Partners,Canada, Amarilla , High ,2761,260,12,33132,3975.84,29156.16,8283,20873.16,1/9/2013,9, September ,2013
Midmarket,United States of America, Carretera , High ,2567,3,15,38505,5005.65,33499.35,25670,7829.35,1/6/2014,6, June ,2014
Midmarket,United States of America, VTT , High ,2567,250,15,38505,5005.65,33499.35,25670,7829.35,1/6/2014,6, June ,2014
Government,Canada, Carretera , High ,923,3,350," $3,23,050.00 ",41996.5," $2,81,053.50 "," $2,39,980.00 ",41073.5,1/3/2014,3, March ,2014
Government,France, Carretera , High ,1790,3,350," $6,26,500.00 ",81445," $5,45,055.00 "," $4,65,400.00 ",79655,1/3/2014,3, March ,2014
Government,Germany, Carretera , High ,442,3,20,8840,1149.2,7690.8,4420,3270.8,1/9/2013,9, September ,2013
Government,United States of America, Montana , High ,982.5,5,350," $3,43,875.00 ",44703.75," $2,99,171.25 "," $2,55,450.00 ",43721.25,1/1/2014,1, January ,2014
Government,United States of America, Montana , High ,1298,5,7,9086,1181.18,7904.82,6490,1414.82,1/2/2014,2, February ,2014
Channel Partners,Mexico, Montana , High ,604,5,12,7248,942.24,6305.76,1812,4493.76,1/6/2014,6, June ,2014
Government,Mexico, Montana , High ,2255,5,20,45100,5863,39237,22550,16687,1/7/2014,7, July ,2014
Government,Canada, Montana , High ,1249,5,20,24980,3247.4,21732.6,12490,9242.6,1/10/2014,10, October ,2014
Government,United States of America, Paseo , High ,1438.5,10,7,10069.5,1309.04,8760.47,7192.5,1567.97,1/1/2014,1, January ,2014
Small Business,Germany, Paseo , High ,807,10,300," $2,42,100.00 ",31473," $2,10,627.00 "," $2,01,750.00 ",8877,1/1/2014,1, January ,2014
Government,United States of America, Paseo , High ,2641,10,20,52820,6866.6,45953.4,26410,19543.4,1/2/2014,2, February ,2014
Government,Germany, Paseo , High ,2708,10,20,54160,7040.8,47119.2,27080,20039.2,1/2/2014,2, February ,2014
Government,Canada, Paseo , High ,2632,10,350," $9,21,200.00 "," $1,19,756.00 "," $8,01,444.00 "," $6,84,320.00 "," $1,17,124.00 ",1/6/2014,6, June ,2014
Enterprise,Canada, Paseo , High ,1583,10,125," $1,97,875.00 ",25723.75," $1,72,151.25 "," $1,89,960.00 ",-17808.75,1/6/2014,6, June ,2014
Channel Partners,Mexico, Paseo , High ,571,10,12,6852,890.76,5961.24,1713,4248.24,1/7/2014,7, July ,2014
Government,France, Paseo , High ,2696,10,7,18872,2453.36,16418.64,13480,2938.64,1/8/2014,8, August ,2014
Midmarket,Canada, Paseo , High ,1565,10,15,23475,3051.75,20423.25,15650,4773.25,1/10/2014,10, October ,2014
Government,Canada, Paseo , High ,1249,10,20,24980,3247.4,21732.6,12490,9242.6,1/10/2014,10, October ,2014
Government,Germany, Paseo , High ,357,10,350," $1,24,950.00 ",16243.5," $1,08,706.50 ",92820,15886.5,1/11/2014,11, November ,2014
Channel Partners,Germany, Paseo , High ,1013,10,12,12156,1580.28,10575.72,3039,7536.72,1/12/2014,12, December ,2014
Midmarket,France, Velo , High ,3997.5,120,15,59962.5,7795.13,52167.38,39975,12192.38,1/1/2014,1, January ,2014
Government,Canada, Velo , High ,2632,120,350," $9,21,200.00 "," $1,19,756.00 "," $8,01,444.00 "," $6,84,320.00 "," $1,17,124.00 ",1/6/2014,6, June ,2014
Government,France, Velo , High ,1190,120,7,8330,1082.9,7247.1,5950,1297.1,1/6/2014,6, June ,2014
Channel Partners,Mexico, Velo , High ,604,120,12,7248,942.24,6305.76,1812,4493.76,1/6/2014,6, June ,2014
Midmarket,Germany, Velo , High ,660,120,15,9900,1287,8613,6600,2013,1/9/2013,9, September ,2013
Channel Partners,Mexico, Velo , High ,410,120,12,4920,639.6,4280.4,1230,3050.4,1/10/2014,10, October ,2014
Small Business,Mexico, Velo , High ,2605,120,300," $7,81,500.00 "," $1,01,595.00 "," $6,79,905.00 "," $6,51,250.00 ",28655,1/11/2013,11, November ,2013
Channel Partners,Germany, Velo , High ,1013,120,12,12156,1580.28,10575.72,3039,7536.72,1/12/2014,12, December ,2014
Enterprise,Canada, VTT , High ,1583,250,125," $1,97,875.00 ",25723.75," $1,72,151.25 "," $1,89,960.00 ",-17808.75,1/6/2014,6, June ,2014
Midmarket,Canada, VTT , High ,1565,250,15,23475,3051.75,20423.25,15650,4773.25,1/10/2014,10, October ,2014
Enterprise,Canada, Amarilla , High ,1659,260,125," $2,07,375.00 ",26958.75," $1,80,416.25 "," $1,99,080.00 ",-18663.75,1/1/2014,1, January ,2014
Government,France, Amarilla , High ,1190,260,7,8330,1082.9,7247.1,5950,1297.1,1/6/2014,6, June ,2014
Channel Partners,Mexico, Amarilla , High ,410,260,12,4920,639.6,4280.4,1230,3050.4,1/10/2014,10, October ,2014
Channel Partners,Germany, Amarilla , High ,1770,260,12,21240,2761.2,18478.8,5310,13168.8,1/12/2013,12, December ,2013
Government,Mexico, Carretera , High ,2579,3,20,51580,7221.2,44358.8,25790,18568.8,1/4/2014,4, April ,2014
Government,United States of America, Carretera , High ,1743,3,20,34860,4880.4,29979.6,17430,12549.6,1/5/2014,5, May ,2014
Government,United States of America, Carretera , High ,2996,3,7,20972,2936.08,18035.92,14980,3055.92,1/10/2013,10, October ,2013
Government,Germany, Carretera , High ,280,3,7,1960,274.4,1685.6,1400,285.6,1/12/2014,12, December ,2014
Government,France, Montana , High ,293,5,7,2051,287.14,1763.86,1465,298.86,1/2/2014,2, February ,2014
Government,United States of America, Montana , High ,2996,5,7,20972,2936.08,18035.92,14980,3055.92,1/10/2013,10, October ,2013
Midmarket,Germany, Paseo , High ,278,10,15,4170,583.8,3586.2,2780,806.2,1/2/2014,2, February ,2014
Government,Canada, Paseo , High ,2428,10,20,48560,6798.4,41761.6,24280,17481.6,1/3/2014,3, March ,2014
Midmarket,United States of America, Paseo , High ,1767,10,15,26505,3710.7,22794.3,17670,5124.3,1/9/2014,9, September ,2014
Channel Partners,France, Paseo , High ,1393,10,12,16716,2340.24,14375.76,4179,10196.76,1/10/2014,10, October ,2014
Government,Germany, VTT , High ,280,250,7,1960,274.4,1685.6,1400,285.6,1/12/2014,12, December ,2014
Channel Partners,France, Amarilla , High ,1393,260,12,16716,2340.24,14375.76,4179,10196.76,1/10/2014,10, October ,2014
Channel Partners,United States of America, Amarilla , High ,2015,260,12,24180,3385.2,20794.8,6045,14749.8,1/12/2013,12, December ,2013
Small Business,Mexico, Carretera , High ,801,3,300," $2,40,300.00 ",33642," $2,06,658.00 "," $2,00,250.00 ",6408,1/7/2014,7, July ,2014
Enterprise,France, Carretera , High ,1023,3,125," $1,27,875.00 ",17902.5," $1,09,972.50 "," $1,22,760.00 ",-12787.5,1/9/2013,9, September ,2013
Small Business,Canada, Carretera , High ,1496,3,300," $4,48,800.00 ",62832," $3,85,968.00 "," $3,74,000.00 ",11968,1/10/2014,10, October ,2014
Small Business,United States of America, Carretera , High ,1010,3,300," $3,03,000.00 ",42420," $2,60,580.00 "," $2,52,500.00 ",8080,1/10/2014,10, October ,2014
Midmarket,Germany, Carretera , High ,1513,3,15,22695,3177.3,19517.7,15130,4387.7,1/11/2014,11, November ,2014
Midmarket,Canada, Carretera , High ,2300,3,15,34500,4830,29670,23000,6670,1/12/2014,12, December ,2014
Enterprise,Mexico, Carretera , High ,2821,3,125," $3,52,625.00 ",49367.5," $3,03,257.50 "," $3,38,520.00 ",-35262.5,1/12/2013,12, December ,2013
Government,Canada, Montana , High ,2227.5,5,350," $7,79,625.00 "," $1,09,147.50 "," $6,70,477.50 "," $5,79,150.00 ",91327.5,1/1/2014,1, January ,2014
Government,Germany, Montana , High ,1199,5,350," $4,19,650.00 ",58751," $3,60,899.00 "," $3,11,740.00 ",49159,1/4/2014,4, April ,2014
Government,Canada, Montana , High ,200,5,350,70000,9800,60200,52000,8200,1/5/2014,5, May ,2014
Government,Canada, Montana , High ,388,5,7,2716,380.24,2335.76,1940,395.76,1/9/2014,9, September ,2014
Government,Mexico, Montana , High ,1727,5,7,12089,1692.46,10396.54,8635,1761.54,1/10/2013,10, October ,2013
Midmarket,Canada, Montana , High ,2300,5,15,34500,4830,29670,23000,6670,1/12/2014,12, December ,2014
Government,Mexico, Paseo , High ,260,10,20,5200,728,4472,2600,1872,1/2/2014,2, February ,2014
Midmarket,Canada, Paseo , High ,2470,10,15,37050,5187,31863,24700,7163,1/9/2013,9, September ,2013
Midmarket,Canada, Paseo , High ,1743,10,15,26145,3660.3,22484.7,17430,5054.7,1/10/2013,10, October ,2013
Channel Partners,United States of America, Paseo , High ,2914,10,12,34968,4895.52,30072.48,8742,21330.48,1/10/2014,10, October ,2014
Government,France, Paseo , High ,1731,10,7,12117,1696.38,10420.62,8655,1765.62,1/10/2014,10, October ,2014
Government,Canada, Paseo , High ,700,10,350," $2,45,000.00 ",34300," $2,10,700.00 "," $1,82,000.00 ",28700,1/11/2014,11, November ,2014
Channel Partners,Canada, Paseo , High ,2222,10,12,26664,3732.96,22931.04,6666,16265.04,1/11/2013,11, November ,2013
Government,United States of America, Paseo , High ,1177,10,350," $4,11,950.00 ",57673," $3,54,277.00 "," $3,06,020.00 ",48257,1/11/2014,11, November ,2014
Government,France, Paseo , High ,1922,10,350," $6,72,700.00 ",94178," $5,78,522.00 "," $4,99,720.00 ",78802,1/11/2013,11, November ,2013
Enterprise,Mexico, Velo , High ,1575,120,125," $1,96,875.00 ",27562.5," $1,69,312.50 "," $1,89,000.00 ",-19687.5,1/2/2014,2, February ,2014
Government,United States of America, Velo , High ,606,120,20,12120,1696.8,10423.2,6060,4363.2,1/4/2014,4, April ,2014
Small Business,United States of America, Velo , High ,2460,120,300," $7,38,000.00 "," $1,03,320.00 "," $6,34,680.00 "," $6,15,000.00 ",19680,1/7/2014,7, July ,2014
Small Business,Canada, Velo , High ,269,120,300,80700,11298,69402,67250,2152,1/10/2013,10, October ,2013
Small Business,Germany, Velo , High ,2536,120,300," $7,60,800.00 "," $1,06,512.00 "," $6,54,288.00 "," $6,34,000.00 ",20288,1/11/2013,11, November ,2013
Government,Mexico, VTT , High ,2903,250,7,20321,2844.94,17476.06,14515,2961.06,1/3/2014,3, March ,2014
Small Business,United States of America, VTT , High ,2541,250,300," $7,62,300.00 "," $1,06,722.00 "," $6,55,578.00 "," $6,35,250.00 ",20328,1/8/2014,8, August ,2014
Small Business,Canada, VTT , High ,269,250,300,80700,11298,69402,67250,2152,1/10/2013,10, October ,2013
Small Business,Canada, VTT , High ,1496,250,300," $4,48,800.00 ",62832," $3,85,968.00 "," $3,74,000.00 ",11968,1/10/2014,10, October ,2014
Small Business,United States of America, VTT , High ,1010,250,300," $3,03,000.00 ",42420," $2,60,580.00 "," $2,52,500.00 ",8080,1/10/2014,10, October ,2014
Government,France, VTT , High ,1281,250,350," $4,48,350.00 ",62769," $3,85,581.00 "," $3,33,060.00 ",52521,1/12/2013,12, December ,2013
Small Business,Canada, Amarilla , High ,888,260,300," $2,66,400.00 ",37296," $2,29,104.00 "," $2,22,000.00 ",7104,1/3/2014,3, March ,2014
Enterprise,United States of America, Amarilla , High ,2844,260,125," $3,55,500.00 ",49770," $3,05,730.00 "," $3,41,280.00 ",-35550,1/5/2014,5, May ,2014
Channel Partners,France, Amarilla , High ,2475,260,12,29700,4158,25542,7425,18117,1/8/2014,8, August ,2014
Midmarket,Canada, Amarilla , High ,1743,260,15,26145,3660.3,22484.7,17430,5054.7,1/10/2013,10, October ,2013
Channel Partners,United States of America, Amarilla , High ,2914,260,12,34968,4895.52,30072.48,8742,21330.48,1/10/2014,10, October ,2014
Government,France, Amarilla , High ,1731,260,7,12117,1696.38,10420.62,8655,1765.62,1/10/2014,10, October ,2014
Government,Mexico, Amarilla , High ,1727,260,7,12089,1692.46,10396.54,8635,1761.54,1/10/2013,10, October ,2013
Midmarket,Mexico, Amarilla , High ,1870,260,15,28050,3927,24123,18700,5423,1/11/2013,11, November ,2013
Enterprise,France, Carretera , High ,1174,3,125," 1,46,750.00 ",22012.5," 1,24,737.50 "," 1,40,880.00 ",-16142.5,1/8/2014,8, August ,2014
Enterprise,Germany, Carretera , High ,2767,3,125," 3,45,875.00 ",51881.25," 2,93,993.75 "," 3,32,040.00 ",-38046.25,1/8/2014,8, August ,2014
Enterprise,Germany, Carretera , High ,1085,3,125," 1,35,625.00 ",20343.75," 1,15,281.25 "," 1,30,200.00 ",-14918.75,1/10/2014,10, October ,2014
Small Business,Mexico, Montana , High ,546,5,300," 1,63,800.00 ",24570," 1,39,230.00 "," 1,36,500.00 ",2730,1/10/2014,10, October ,2014
Government,Germany, Paseo , High ,1158,10,20,23160,3474,19686,11580,8106,1/3/2014,3, March ,2014
Midmarket,Canada, Paseo , High ,1614,10,15,24210,3631.5,20578.5,16140,4438.5,1/4/2014,4, April ,2014
Government,Mexico, Paseo , High ,2535,10,7,17745,2661.75,15083.25,12675,2408.25,1/4/2014,4, April ,2014
Government,Mexico, Paseo , High ,2851,10,350," 9,97,850.00 "," 1,49,677.50 "," 8,48,172.50 "," 7,41,260.00 "," 1,06,912.50 ",1/5/2014,5, May ,2014
Midmarket,Canada, Paseo , High ,2559,10,15,38385,5757.75,32627.25,25590,7037.25,1/8/2014,8, August ,2014
Government,United States of America, Paseo , High ,267,10,20,5340,801,4539,2670,1869,1/10/2013,10, October ,2013
Enterprise,Germany, Paseo , High ,1085,10,125," 1,35,625.00 ",20343.75," 1,15,281.25 "," 1,30,200.00 ",-14918.75,1/10/2014,10, October ,2014
Midmarket,Germany, Paseo , High ,1175,10,15,17625,2643.75,14981.25,11750,3231.25,1/10/2014,10, October ,2014
Government,United States of America, Paseo , High ,2007,10,350," 7,02,450.00 "," 1,05,367.50 "," 5,97,082.50 "," 5,21,820.00 ",75262.5,1/11/2013,11, November ,2013
Government,Mexico, Paseo , High ,2151,10,350," 7,52,850.00 "," 1,12,927.50 "," 6,39,922.50 "," 5,59,260.00 ",80662.5,1/11/2013,11, November ,2013
Channel Partners,United States of America, Paseo , High ,914,10,12,10968,1645.2,9322.8,2742,6580.8,1/12/2014,12, December ,2014
Government,France, Paseo , High ,293,10,20,5860,879,4981,2930,2051,1/12/2014,12, December ,2014
Channel Partners,Mexico, Velo , High ,500,120,12,6000,900,5100,1500,3600,1/3/2014,3, March ,2014
Midmarket,France, Velo , High ,2826,120,15,42390,6358.5,36031.5,28260,7771.5,1/5/2014,5, May ,2014
Enterprise,France, Velo , High ,663,120,125,82875,12431.25,70443.75,79560,-9116.25,1/9/2014,9, September ,2014
Small Business,United States of America, Velo , High ,2574,120,300," 7,72,200.00 "," 1,15,830.00 "," 6,56,370.00 "," 6,43,500.00 ",12870,1/11/2013,11, November ,2013
Enterprise,United States of America, Velo , High ,2438,120,125," 3,04,750.00 ",45712.5," 2,59,037.50 "," 2,92,560.00 ",-33522.5,1/12/2013,12, December ,2013
Channel Partners,United States of America, Velo , High ,914,120,12,10968,1645.2,9322.8,2742,6580.8,1/12/2014,12, December ,2014
Government,Canada, VTT , High ,865.5,250,20,17310,2596.5,14713.5,8655,6058.5,1/7/2014,7, July ,2014
Midmarket,Germany, VTT , High ,492,250,15,7380,1107,6273,4920,1353,1/7/2014,7, July ,2014
Government,United States of America, VTT , High ,267,250,20,5340,801,4539,2670,1869,1/10/2013,10, October ,2013
Midmarket,Germany, VTT , High ,1175,250,15,17625,2643.75,14981.25,11750,3231.25,1/10/2014,10, October ,2014
Enterprise,Canada, VTT , High ,2954,250,125," 3,69,250.00 ",55387.5," 3,13,862.50 "," 3,54,480.00 ",-40617.5,1/11/2013,11, November ,2013
Enterprise,Germany, VTT , High ,552,250,125,69000,10350,58650,66240,-7590,1/11/2014,11, November ,2014
Government,France, VTT , High ,293,250,20,5860,879,4981,2930,2051,1/12/2014,12, December ,2014
Small Business,France, Amarilla , High ,2475,260,300," 7,42,500.00 "," 1,11,375.00 "," 6,31,125.00 "," 6,18,750.00 ",12375,1/3/2014,3, March ,2014
Small Business,Mexico, Amarilla , High ,546,260,300," 1,63,800.00 ",24570," 1,39,230.00 "," 1,36,500.00 ",2730,1/10/2014,10, October ,2014
Government,Mexico, Montana , High ,1368,5,7,9576,1436.4,8139.6,6840,1299.6,1/2/2014,2, February ,2014
Government,Canada, Paseo , High ,723,10,7,5061,759.15,4301.85,3615,686.85,1/4/2014,4, April ,2014
Channel Partners,United States of America, VTT , High ,1806,250,12,21672,3250.8,18421.2,5418,13003.2,1/5/2014,5, May ,2014
